CREATE TABLE IF NOT EXISTS `active_event_id` (
  `active_event` int(10) unsigned NOT NULL,
  `name` text COLLATE latin1_bin NOT NULL,
  PRIMARY KEY (`active_event`)
);

DELETE FROM `active_event_id` WHERE `active_event`=22;
INSERT INTO `active_event_id` (`active_event`, `name`) VALUES (22,"Darkmoon Faire: Mulgore");

SET @CGUID:= 400131;
SET @GGUID:= 505135;

DELETE FROM `creature_spawns` WHERE `id` BETWEEN @CGUID+1 AND @CGUID+30;
INSERT INTO `creature_spawns` (`id`, `entry`, `map`, `position_x`, `position_y`, `position_z`, `orientation`, `movetype`, `displayid`, `faction`, `flags`, `bytes0`, `bytes1`, `bytes2`, `emote_state`, `npc_respawn_link`, `channel_spell`, `channel_target_sqlid`, `channel_target_sqlid_creature`, `standstate`, `death_state`, `mountdisplayid`, `slot1item`, `slot2item`, `slot3item`, `CanFly`, `phase`) VALUES
	(@CGUID+1,14844,1,-1585.4,163.72,-7.31547,6.10865,0,14880,1555,0,16777472,0,4097,0,0,0,0,0,0,0,0,0,0,0,0,1),
	(@CGUID+2,14841,1,-1550.86,141.069,-7.68689,2.25147,0,14877,1555,0,16777472,0,4097,0,0,0,0,0,0,0,0,0,0,0,0,1),
	(@CGUID+3,14833,1,-1477.94,190.359,-7.70947,5.37561,0,14875,1555,0,16777472,0,4097,0,0,0,0,0,0,0,0,0,0,0,0,1),
	(@CGUID+4,14832,1,-1637.21,102.255,-17.8649,0.785398,0,14876,1555,0,16777472,0,4097,0,0,0,0,0,0,0,0,0,0,0,0,1),
	(@CGUID+5,14829,1,-1630.16,119.184,-17.8649,5.93412,0,14856,1555,0,16777472,0,4097,0,0,0,0,0,0,0,0,0,0,0,0,1),
	(@CGUID+6,14828,1,-1565.04,131.113,-7.64821,2.05949,0,14854,1555,0,16777472,0,4097,0,0,0,0,0,0,0,0,0,0,0,0,1),
	(@CGUID+7,14827,1,-1574.78,137.524,-7.71154,4.46804,0,536,1555,0,16777472,0,4097,0,0,0,0,0,0,0,0,0,0,0,0,1),
	(@CGUID+8,14823,1,-1575.64,134.255,-7.83654,4.49917,2,14855,1555,0,16777472,0,4097,0,0,0,0,0,0,0,0,0,0,0,0,1),
	(@CGUID+9,14822,1,-1586.9,151.369,-7.4929,0.488692,0,491,1555,0,16777472,0,4097,0,0,0,0,0,0,0,0,0,0,0,0,1),
	(@CGUID+10,10445,1,-1562.91,152.304,-7.70948,4.03171,0,9810,1555,0,16777472,0,4097,0,0,0,0,0,0,0,0,0,0,0,0,1),
	(@CGUID+11,14849,1,-1569.8,175.421,-7.7124,3.69817,2,14913,1555,0,16777472,0,4097,0,0,0,0,0,0,0,0,0,0,0,0,1),
	(@CGUID+12,15303,1,-1319.51,86.0894,129.79,6.14356,0,15368,1555,0,16777472,0,4097,0,0,0,0,0,0,0,0,0,0,0,0,1),
	(@CGUID+13,14869,1,-1636.59,106.192,-17.8232,5.16561,1,14940,1555,0,16777472,0,4097,0,0,0,0,0,0,0,0,0,0,0,0,1),
	(@CGUID+14,14869,1,-1624.5,85.9156,-17.8232,5.20457,1,14941,1555,0,16777472,0,4097,0,0,0,0,0,0,0,0,0,0,0,0,1),
	(@CGUID+15,14869,1,-1623.69,111.386,-17.8232,1.23863,1,14942,1555,0,16777472,0,4097,0,0,0,0,0,0,0,0,0,0,0,0,1),
	(@CGUID+16,14869,1,-1623.37,92.5416,-17.8232,5.51952,1,14942,1555,0,16777472,0,4097,0,0,0,0,0,0,0,0,0,0,0,0,1),
	(@CGUID+17,33068,1,-2183.55,-250.115,-16.082,0,0,21955,1555,0,16777472,0,4097,0,0,0,0,0,0,0,0,0,0,0,0,1),
	(@CGUID+18,14864,1,-1636.97,111.58,-17.8232,1.04032,1,14939,1555,0,16777472,0,4097,0,0,0,0,0,0,0,0,0,0,0,0,1),
	(@CGUID+19,14864,1,-1623.03,86.0986,-17.8232,4.55449,1,14939,1555,0,16777472,0,4097,0,0,0,0,0,0,0,0,0,0,0,0,1),
	(@CGUID+20,14860,1,-1571.49,160.155,-7.71154,3.757,0,14589,1555,0,16777472,0,4097,0,0,0,0,0,0,0,0,0,0,0,0,1),
	(@CGUID+21,14847,1,-1579.04,176.145,-7.70948,5.37561,0,14883,1555,0,16777472,0,4097,0,0,0,0,0,0,0,0,0,0,0,0,1),
	(@CGUID+22,15218,1,-1324.94,87.0497,129.79,4.85202,0,21955,1555,0,16777472,0,4097,0,0,0,0,0,0,0,0,0,0,0,0,1),
	(@CGUID+23,14871,1,-1479.99,205.206,-7.70947,3.28122,0,14943,1555,0,16777472,0,4097,0,0,0,0,0,0,0,0,0,0,0,0,1),
	(@CGUID+24,14868,1,-1633.75,92.3871,-17.8649,0.383972,0,14937,1555,0,16777472,0,4097,0,0,0,0,0,0,0,0,0,0,0,0,1),
	(@CGUID+25,14867,1,-1523.3,122.825,-3.02492,2.42753,0,14938,1555,0,16777472,0,4097,0,0,0,0,0,0,0,0,0,0,0,0,1),
	(@CGUID+26,14866,1,-1573.15,159.602,-7.71154,3.82126,2,14936,1555,0,16777472,0,4097,0,0,0,0,0,0,0,0,0,0,0,0,1),
	(@CGUID+27,14865,1,-1623.63,103.792,-17.8649,1.76278,0,14935,1555,0,16777472,0,4097,0,0,0,0,0,0,0,0,0,0,0,0,1),
	(@CGUID+28,14846,1,-1575.47,177.926,-7.70948,4.90438,0,14882,1555,0,16777472,0,4097,0,0,0,0,0,0,0,0,0,0,0,0,1),
	(@CGUID+29,14845,1,-1584.82,167.721,-7.37061,6.07375,0,14881,1555,0,16777472,0,4097,0,0,0,0,0,0,0,0,0,0,0,0,1),
	(@CGUID+30,14849,1,-1611.29,118,-17.1982,0.584211,0,14912,1555,0,16777472,0,4097,0,0,0,0,0,0,0,0,0,0,0,0,1);

DELETE FROM `gameobject_spawns` WHERE `id` BETWEEN @GGUID+1 AND @GGUID+136;
INSERT INTO `gameobject_spawns` (`id`, `Entry`, `map`, `position_x`, `position_y`, `position_z`, `Facing`, `orientation1`, `orientation2`, `orientation3`, `orientation4`, `State`, `Flags`, `Faction`, `Scale`, `stateNpcLink`, `phase`, `overrides`) VALUES
	(@GGUID+1,180036,1,-1496.32,203.405,-5.43046,1.01229,0,0,0,0,1,0,0,1,0,1,0),
	(@GGUID+2,180036,1,-1487.55,172.398,-5.43864,0.122173,0,0,0,0,1,0,0,1,0,1,0),
	(@GGUID+3,180036,1,-1464.7,221.26,-5.25808,-0.331611,0,0,0,0,1,0,0,1,0,1,0),
	(@GGUID+4,180036,1,-1455.32,191.743,-5.4501,1.11701,0,0,0,0,1,0,0,1,0,1,0),
	(@GGUID+5,180035,1,-1644.41,112.697,-15.9167,-2.16421,0,0,0,0,1,0,0,1,0,1,0),
	(@GGUID+6,180035,1,-1642.39,101.081,-16.4149,2.30383,0,0,0,0,1,0,0,1,0,1,0),
	(@GGUID+7,180035,1,-1636.69,88.1883,-16.4335,-1.25664,0,0,0,0,1,0,0,1,0,1,0),
	(@GGUID+8,180035,1,-1627.11,80.4398,-16.5246,-3.08918,0,0,0,0,1,0,0,1,0,1,0),
	(@GGUID+9,180035,1,-1625.42,127.502,-16.6219,0.0698117,0,0,0,0,1,0,0,1,0,1,0),
	(@GGUID+10,180035,1,-1618.09,100.54,-16.8996,-1.02974,0,0,0,0,1,0,0,1,0,1,0),
	(@GGUID+11,180035,1,-1617.05,87.5164,-16.6288,-1.95477,0,0,0,0,1,0,0,1,0,1,0),
	(@GGUID+12,180035,1,-1597.86,162.76,-5.15392,1.62316,0,0,0,0,1,0,0,1,0,1,0),
	(@GGUID+13,180035,1,-1590.29,179.87,-4.56496,0.872664,0,0,0,0,1,0,0,1,0,1,0),
	(@GGUID+14,180035,1,-1571.76,190.177,-5.01597,-3.05433,0,0,0,0,1,0,0,1,0,1,0),
	(@GGUID+15,180035,1,-1562.99,118.878,-5.58171,-2.77507,0,0,0,0,1,0,0,1,0,1,0),
	(@GGUID+16,180035,1,-1550.32,186.783,-5.6364,-0.401425,0,0,0,0,1,0,0,1,0,1,0),
	(@GGUID+17,180035,1,-1549.97,128.283,-5.17754,0.820303,0,0,0,0,1,0,0,1,0,1,0),
	(@GGUID+18,180035,1,-1535.44,141.637,-5.47643,-2.44346,0,0,0,0,1,0,0,1,0,1,0),
	(@GGUID+19,180035,1,-1533.2,177.577,-6.35772,2.56563,0,0,0,0,1,0,0,1,0,1,0),
	(@GGUID+20,180035,1,-1523.17,157.026,-6.46509,1.29154,0,0,0,0,1,0,0,1,0,1,0),
	(@GGUID+21,180035,1,-1520.27,180.444,-6.37104,0.785397,0,0,0,0,1,0,0,1,0,1,0),
	(@GGUID+22,180035,1,-1509.95,196.915,-6.35189,1.16937,0,0,0,0,1,0,0,1,0,1,0),
	(@GGUID+23,180035,1,-1509.04,162.974,-6.50808,-3.10665,0,0,0,0,1,0,0,1,0,1,0),
	(@GGUID+24,180035,1,-1499.77,215.576,-5.28436,0.95993,0,0,0,0,1,0,0,1,0,1,0),
	(@GGUID+25,180035,1,-1491,163.892,-6.47991,0.087266,0,0,0,0,1,0,0,1,0,1,0),
	(@GGUID+26,180035,1,-1485.8,231.144,-5.23386,0.645772,0,0,0,0,1,0,0,1,0,1,0),
	(@GGUID+27,180035,1,-1472.88,165.705,-6.40648,0.174532,0,0,0,0,1,0,0,1,0,1,0),
	(@GGUID+28,180035,1,-1466.38,232.97,-6.379,-0.226892,0,0,0,0,1,0,0,1,0,1,0),
	(@GGUID+29,180035,1,-1455.82,174.335,-6.42332,-2.26893,0,0,0,0,1,0,0,1,0,1,0),
	(@GGUID+30,180035,1,-1449.43,222.314,-6.39593,-0.872664,0,0,0,0,1,0,0,1,0,1,0),
	(@GGUID+31,180035,1,-1446.11,189.278,-6.07021,-1.93732,0,0,0,0,1,0,0,1,0,1,0),
	(@GGUID+32,180035,1,-1444.14,206.059,-6.20799,-1.44862,0,0,0,0,1,0,0,1,0,1,0),
	(@GGUID+33,180034,1,-1562.36,126.505,-6.93775,-2.84488,0,0,0,0,1,0,0,1,0,1,0),
	(@GGUID+34,180032,1,-1577.94,178.548,-6.16086,3.00195,0,0,0,0,1,0,0,1,0,1,0),
	(@GGUID+35,180031,1,-1589.9,164.882,-6.09896,-3.05433,0,0,0,0,1,0,0,1,0,1,0),
	(@GGUID+36,180030,1,-1591.42,148.482,-6.80159,3.08918,0,0,0,0,1,0,0,1,0,1,0),
	(@GGUID+37,180029,1,-1579.96,128.611,-8.39024,-2.33874,0,0,0,0,2,0,0,1,0,1,0),
	(@GGUID+38,180006,1,-1540.2,177.826,-7.71471,-1.91986,0,0,0,0,1,0,0,1,0,1,0),
	(@GGUID+39,180006,1,-1537.3,175.969,-7.79568,-2.35619,0,0,0,0,1,0,0,1,0,1,0),
	(@GGUID+40,179975,1,-1642.24,109.447,-17.814,1.27409,0,0,0,0,1,0,0,1,0,1,0),
	(@GGUID+41,179975,1,-1632.46,87.7715,-17.9482,0.872664,0,0,0,0,1,0,0,1,0,1,0),
	(@GGUID+42,179975,1,-1619.54,88.3874,-17.9482,-0.767944,0,0,0,0,1,0,0,1,0,1,0),
	(@GGUID+43,179973,1,-1587.57,158.483,-7.47622,0.261798,0,0,0,0,1,0,0,1,0,1,0),
	(@GGUID+44,179972,1,-1589.35,158.874,-7.29741,-0.226892,0,0,0,0,1,0,0,1,0,1,0),
	(@GGUID+45,179970,1,-1586.23,158.343,-7.55074,-0.663223,0,0,0,0,1,0,0,1,0,1,0),
	(@GGUID+46,179968,1,-1644.21,107.8,-17.6472,-0.767944,0,0,0,0,1,0,0,1,0,1,0),
	(@GGUID+47,179968,1,-1643.09,107.186,-17.8132,2.9496,0,0,0,0,1,0,0,1,0,1,0),
	(@GGUID+48,179968,1,-1641.28,111.151,-17.8344,-1.97222,0,0,0,0,1,0,0,1,0,1,0),
	(@GGUID+49,179968,1,-1640.82,111.89,-17.829,-1.91986,0,0,0,0,1,0,0,1,0,1,0),
	(@GGUID+50,179968,1,-1621.97,93.1843,-17.9482,-2.75761,0,0,0,0,1,0,0,1,0,1,0),
	(@GGUID+51,179968,1,-1620.99,91.4848,-17.9482,2.25147,0,0,0,0,1,0,0,1,0,1,0),
	(@GGUID+52,179968,1,-1620.7,91.9718,-17.2469,-1.81514,0,0,0,0,1,0,0,1,0,1,0),
	(@GGUID+53,179968,1,-1620.56,92.5976,-17.9482,-1.76278,0,0,0,0,1,0,0,1,0,1,0),
	(@GGUID+54,179967,1,-1589.26,158.846,-6.06369,2.26893,0,0,0,0,1,0,0,1,0,1,0),
	(@GGUID+55,179965,1,-1641.02,103.728,-17.9482,-2.47837,0,0,0,0,1,0,0,1,0,1,0),
	(@GGUID+56,179965,1,-1638.01,116.67,-17.8915,-0.750491,0,0,0,0,1,0,0,1,0,1,0),
	(@GGUID+57,179965,1,-1629.68,122.147,-17.9482,-1.32645,0,0,0,0,1,0,0,1,0,1,0),
	(@GGUID+58,179965,1,-1626.45,83.5604,-17.9482,-1.6057,0,0,0,0,1,0,0,1,0,1,0),
	(@GGUID+59,179965,1,-1618.76,86.8443,-17.9482,-0.453785,0,0,0,0,1,0,0,1,0,1,0),
	(@GGUID+60,179965,1,-1597.15,98.9452,-11.7619,-1.27409,0,0,0,0,1,0,0,1,0,1,0),
	(@GGUID+61,179965,1,-1589.51,157.261,-7.38576,-0.191985,0,0,0,0,1,0,0,1,0,1,0),
	(@GGUID+62,179965,1,-1585.38,144.955,-7.08751,0.541051,0,0,0,0,1,0,0,1,0,1,0),
	(@GGUID+63,179965,1,-1585.37,130.152,-7.71433,-2.14675,0,0,0,0,1,0,0,1,0,1,0),
	(@GGUID+64,179965,1,-1583.45,173.256,-7.77461,-0.610864,0,0,0,0,1,0,0,1,0,1,0),
	(@GGUID+65,179965,1,-1582.29,100.923,-9.76285,-1.309,0,0,0,0,1,0,0,1,0,1,0),
	(@GGUID+66,179965,1,-1570.37,117.33,-7.31907,-2.35619,0,0,0,0,1,0,0,1,0,1,0),
	(@GGUID+67,179965,1,-1569.27,180.066,-7.79281,-1.44862,0,0,0,0,1,0,0,1,0,1,0),
	(@GGUID+68,179965,1,-1557.56,131.686,-7.66756,2.16421,0,0,0,0,1,0,0,1,0,1,0),
	(@GGUID+69,179965,1,-1542.88,146.446,-7.63423,2.37364,0,0,0,0,1,0,0,1,0,1,0),
	(@GGUID+70,179965,1,-1493.46,223.94,-6.37694,2.35619,0,0,0,0,1,0,0,1,0,1,0),
	(@GGUID+71,179965,1,-1463.66,168.587,-7.74115,-0.977383,0,0,0,0,1,0,0,1,0,1,0),
	(@GGUID+72,179965,1,-1444.97,214.817,-7.75072,0.314158,0,0,0,0,1,0,0,1,0,1,0),
	(@GGUID+73,179965,1,-1326.53,89.4669,129.82,0.366518,0,0,0,0,1,0,0,1,0,1,0),
	(@GGUID+74,179965,1,-1324.48,83.8873,129.707,0.349065,0,0,0,0,1,0,0,1,0,1,0),
	(@GGUID+75,179965,1,-1308.96,70.7016,128.84,-0.610864,0,0,0,0,1,0,0,1,0,1,0),
	(@GGUID+76,179965,1,-1298.27,104.962,131.219,0.331611,0,0,0,0,1,0,0,1,0,1,0),
	(@GGUID+77,180335,1,-1563.93,157.087,-7.79281,0.0523589,0,0,0,0,1,0,0,1,0,1,0),
	(@GGUID+78,180524,1,-1640.44,105.304,-17.9482,0.244346,0,0,0,0,1,0,0,1,0,1,0),
	(@GGUID+79,180524,1,-1616.08,127.713,-17.5719,-0.890117,0,0,0,0,1,0,0,1,0,1,0),
	(@GGUID+80,180524,1,-1613.57,106.56,-17.7213,1.36136,0,0,0,0,1,0,0,1,0,1,0),
	(@GGUID+81,180524,1,-1584.36,138.344,-6.63693,0.0698117,0,0,0,0,1,0,0,1,0,1,0),
	(@GGUID+82,180524,1,-1572.92,117.885,-7.75146,1.79769,0,0,0,0,1,0,0,1,0,1,0),
	(@GGUID+83,180524,1,-1560.91,185.999,-7.64103,-1.36136,0,0,0,0,1,0,0,1,0,1,0),
	(@GGUID+84,180524,1,-1538.86,146.234,-7.42401,2.07694,0,0,0,0,1,0,0,1,0,1,0),
	(@GGUID+85,180524,1,-1532.77,173.65,-7.79281,-1.93732,0,0,0,0,1,0,0,1,0,1,0),
	(@GGUID+86,180524,1,-1523.32,160.961,-7.7928,-3.03684,0,0,0,0,1,0,0,1,0,1,0),
	(@GGUID+87,180524,1,-1512.17,186.926,-7.79281,-0.558504,0,0,0,0,1,0,0,1,0,1,0),
	(@GGUID+88,180524,1,-1507.46,166.615,-7.7928,2.84488,0,0,0,0,1,0,0,1,0,1,0),
	(@GGUID+89,180524,1,-1487.8,208.935,-7.7921,-0.663223,0,0,0,0,1,0,0,1,0,1,0),
	(@GGUID+90,180524,1,-1479.69,178.979,-7.79281,1.67551,0,0,0,0,1,0,0,1,0,1,0),
	(@GGUID+91,180524,1,-1477.19,221.633,-7.74677,-1.65806,0,0,0,0,1,0,0,1,0,1,0),
	(@GGUID+92,180524,1,-1458.39,214.372,-7.7928,-1.83259,0,0,0,0,1,0,0,1,0,1,0),
	(@GGUID+93,180524,1,-1455.81,201.538,-7.79017,2.84488,0,0,0,0,1,0,0,1,0,1,0),
	(@GGUID+94,180573,1,-2183.58,-250.118,-14.9857,-1.3439,0,0,0,0,1,0,0,1,0,1,0),
	(@GGUID+95,180037,1,-1621.6,84.8822,-17.608,0.383971,0,0,0,0,1,0,0,1,0,1,0),
	(@GGUID+96,180037,1,-1626.32,122.444,-17.6143,3.03684,0,0,0,0,1,0,0,1,0,1,0),
	(@GGUID+97,180038,1,-1629.65,84.6767,-17.608,-2.96704,0,0,0,0,1,0,0,1,0,1,0),
	(@GGUID+98,180038,1,-1637.48,114.358,-17.608,-1.3439,0,0,0,0,1,0,0,1,0,1,0),
	(@GGUID+99,180038,1,-1637.57,99.8562,-17.9482,0.296705,0,0,0,0,1,0,0,1,0,1,0),
	(@GGUID+100,180039,1,-1636.01,120.007,-17.4274,-3.10665,0,0,0,0,1,0,0,1,0,1,0),
	(@GGUID+101,180040,1,-1617.41,107.094,-17.9482,1.0472,0,0,0,0,1,0,0,1,0,1,0),
	(@GGUID+102,180040,1,-1622.79,99.1203,-17.9482,1.91986,0,0,0,0,1,0,0,1,0,1,0),
	(@GGUID+103,180040,1,-1634.01,92.4223,-17.9482,-1.09956,0,0,0,0,1,0,0,1,0,1,0),
	(@GGUID+104,180041,1,-1623.49,103.253,-17.9482,0.314158,0,0,0,0,1,0,0,1,0,1,0),
	(@GGUID+105,180042,1,-1552.2,140.262,-7.78816,3.00195,0,0,0,0,1,0,0,1,0,1,0),
	(@GGUID+106,180043,1,-1539.42,175.948,-7.74087,-0.715585,0,0,0,0,1,0,0,1,0,1,0),
	(@GGUID+107,180043,1,-1548.43,147.636,-7.78623,-1.64061,0,0,0,0,1,0,0,1,0,1,0),
	(@GGUID+108,180043,1,-1561.08,133.646,-7.79281,2.56563,0,0,0,0,1,0,0,1,0,1,0),
	(@GGUID+109,180043,1,-1567.97,156.141,-7.79281,-2.23402,0,0,0,0,1,0,0,1,0,1,0),
	(@GGUID+110,180043,1,-1568.99,128.849,-7.8061,-0.820303,0,0,0,0,1,0,0,1,0,1,0),
	(@GGUID+111,180043,1,-1570.36,178.349,-7.79281,-2.89725,0,0,0,0,1,0,0,1,0,1,0),
	(@GGUID+112,180043,1,-1581.15,171.485,-7.79281,0.855211,0,0,0,0,1,0,0,1,0,1,0),
	(@GGUID+113,180043,1,-1585,148.296,-7.4022,-1.27409,0,0,0,0,1,0,0,1,0,1,0),
	(@GGUID+114,180043,1,-1587.49,155.283,-7.65067,2.72271,0,0,0,0,1,0,0,1,0,1,0),
	(@GGUID+115,180043,1,-1595.11,122.629,-12.663,-1.98967,0,0,0,0,1,0,0,1,0,1,0),
	(@GGUID+116,180043,1,-1611.67,125.546,-16.6683,-1.18682,0,0,0,0,1,0,0,1,0,1,0),
	(@GGUID+117,180043,1,-1621.26,96.0627,-17.9482,-3.12412,0,0,0,0,1,0,0,1,0,1,0),
	(@GGUID+118,180043,1,-1630.45,120.031,-17.9482,2.05949,0,0,0,0,1,0,0,1,0,1,0),
	(@GGUID+119,180043,1,-1635.22,95.9483,-17.9482,-2.91469,0,0,0,0,1,0,0,1,0,1,0),
	(@GGUID+120,180044,1,-1562.33,158.394,-8.70947,-3.05433,0,0,0,0,1,0,0,1,0,1,0),
	(@GGUID+121,180045,1,-1468.2,195.75,-7.7928,1.13446,0,0,0,0,1,0,0,1,0,1,0),
	(@GGUID+122,180045,1,-1475,206.091,-7.7928,3.07177,0,0,0,0,1,0,0,1,0,1,0),
	(@GGUID+123,180045,1,-1480.7,194.74,-7.7928,-0.994837,0,0,0,0,1,0,0,1,0,1,0),
	(@GGUID+124,180046,1,-1472.15,197.684,-7.7928,2.72271,0,0,0,0,1,0,0,1,0,1,0),
	(@GGUID+125,180046,1,-1474.17,201.193,-7.7928,-1.76278,0,0,0,0,1,0,0,1,0,1,0),
	(@GGUID+126,180046,1,-1475.91,201.198,-7.7928,-1.32645,0,0,0,0,1,0,0,1,0,1,0),
	(@GGUID+127,180046,1,-1477.01,197.78,-7.7928,0.436332,0,0,0,0,1,0,0,1,0,1,0),
	(@GGUID+128,180047,1,-1472.44,196.713,-7.7928,2.72271,0,0,0,0,1,0,0,1,0,1,0),
	(@GGUID+129,180047,1,-1475.06,201.665,-7.7928,-1.71042,0,0,0,0,1,0,0,1,0,1,0),
	(@GGUID+130,180047,1,-1476.58,196.844,-7.7928,0.663223,0,0,0,0,1,0,0,1,0,1,0),
	(@GGUID+131,180048,1,-1472.38,196.724,-7.2928,2.60054,0,0,0,0,1,0,0,1,0,1,0),
	(@GGUID+132,180048,1,-1474.98,201.706,-7.28586,0.663223,0,0,0,0,1,0,0,1,0,1,0),
	(@GGUID+133,180049,1,-1475.23,201.589,-7.27891,-0.942477,0,0,0,0,1,0,0,1,0,1,0),
	(@GGUID+134,180049,1,-1476.65,196.78,-7.28586,-2.58308,0,0,0,0,1,0,0,1,0,1,0),
	(@GGUID+135,180053,1,-1474.75,198.769,-7.9178,1.22173,0,0,0,0,1,0,0,1,0,1,0),
	(@GGUID+136,180452,1,-1324.73,87.0376,129.707,-2.77507,0,0,0,0,1,0,0,1,0,1,0);

DELETE FROM `creature_formations` WHERE `spawn_id`=@CGUID+20;
INSERT INTO `creature_formations` (`spawn_id`,`target_spawn_id`,`follow_angle`,`follow_dist`) VALUES 
	(@CGUID+20,@CGUID+26,180,7);

DELETE FROM `creature_waypoints` WHERE `spawnid` IN (@CGUID+8,@CGUID+11,@CGUID+26,@CGUID+30);
INSERT INTO `creature_waypoints` (`spawnid`,`waypointid`,`position_x`,`position_y`,`position_z`,`waittime`,`flags`,`forwardemoteoneshot`,`forwardemoteid`,`backwardemoteoneshot`,`backwardemoteid`,`forwardskinid`,`backwardskinid`) VALUES
	(@CGUID+8,1,-1577.27,128.138,-8.42867,0,0,0,0,0,0,14855,14855),
	(@CGUID+8,2,-1585.87,118.113,-11.1384,0,0,0,0,0,0,14855,14855),
	(@CGUID+8,3,-1592.64,118.372,-12.9505,0,0,0,0,0,0,14855,14855),
	(@CGUID+8,4,-1611.48,122.633,-16.9973,0,0,0,0,0,0,14855,14855),
	(@CGUID+8,5,-1620.75,118.915,-17.9176,60000,0,0,488,0,0,14855,14855),
	(@CGUID+8,6,-1609.07,117.97,-16.9772,0,0,0,0,0,0,14855,14855),
	(@CGUID+8,7,-1587.12,113.214,-11.2531,0,0,0,0,0,0,14855,14855),
	(@CGUID+8,8,-1570.58,130.61,-8.00449,0,0,0,0,0,0,14855,14855),
	(@CGUID+8,9,-1550.31,148.734,-7.79381,0,0,0,0,0,0,14855,14855),
	(@CGUID+8,10,-1549.56,154.001,-7.79381,0,0,0,489,0,0,14855,14855),
	(@CGUID+8,11,-1559.11,161.973,-7.79381,0,0,0,0,0,0,14855,14855),
	(@CGUID+8,12,-1561.75,160.569,-6.89941,0,0,0,0,0,0,14855,14855),
	(@CGUID+8,13,-1562.37,159.782,-6.2327,0,0,0,0,0,0,14855,14855),
	(@CGUID+8,14,-1565.26,155.566,-6.1986,60000,0,0,490,0,0,14855,14855),
	(@CGUID+8,15,-1563.16,159.05,-6.1986,0,0,0,0,0,0,14855,14855),
	(@CGUID+8,16,-1560.91,162.191,-7.7928,0,0,0,0,0,0,14855,14855),
	(@CGUID+8,17,-1564.9,173.965,-7.7928,0,0,0,0,0,0,14855,14855),
	(@CGUID+8,18,-1569.2,175.003,-7.7928,0,0,0,0,0,0,14855,14855),
	(@CGUID+8,19,-1577.79,170.627,-7.78586,0,0,0,0,0,0,14855,14855),
	(@CGUID+8,20,-1580.57,160.203,-7.69489,0,0,0,0,0,0,14855,14855),
	(@CGUID+8,21,-1573.51,147.795,-7.78346,0,0,0,0,0,0,14855,14855),
	(@CGUID+8,22,-1575.52,134.136,-7.90762,60000,0,0,491,0,0,14855,14855),
	(@CGUID+11,1,-1577.3,170.558,-7.78349,0,0,0,0,0,0,14913,14913),
	(@CGUID+11,2,-1580.7,161.077,-7.66311,0,0,0,0,0,0,14913,14913),
	(@CGUID+11,3,-1582.33,151.165,-7.64988,0,0,0,0,0,0,14913,14913),
	(@CGUID+11,4,-1573.35,135.969,-7.85427,0,0,0,0,0,0,14913,14913),
	(@CGUID+11,5,-1567.24,134.634,-7.82366,0,0,0,0,0,0,14913,14913),
	(@CGUID+11,6,-1548.48,149.545,-7.79108,0,0,0,0,0,0,14913,14913),
	(@CGUID+11,7,-1522.63,164.394,-7.79156,0,0,0,0,0,0,14913,14913),
	(@CGUID+11,8,-1493.18,180.101,-7.79156,0,0,0,0,0,0,14913,14913),
	(@CGUID+11,9,-1478.89,182.51,-7.79156,0,0,0,0,0,0,14913,14913),
	(@CGUID+11,10,-1466.04,190.434,-7.79156,0,0,0,0,0,0,14913,14913),
	(@CGUID+11,11,-1460.66,199.6,-7.79156,0,0,0,0,0,0,14913,14913),
	(@CGUID+11,12,-1465.52,211.478,-7.79156,0,0,0,0,0,0,14913,14913),
	(@CGUID+11,13,-1481.33,213.421,-7.79385,0,0,0,0,0,0,14913,14913),
	(@CGUID+11,14,-1496.5,187.303,-7.79355,0,0,0,0,0,0,14913,14913),
	(@CGUID+11,15,-1529.8,170.23,-7.79281,0,0,0,0,0,0,14913,14913),
	(@CGUID+11,16,-1529.8,170.23,-7.79281,0,0,0,0,0,0,14913,14913),
	(@CGUID+11,17,-1542.68,172.4,-7.79072,0,0,0,0,0,0,14913,14913),
	(@CGUID+11,18,-1552.94,178.835,-7.75402,0,0,0,0,0,0,14913,14913),
	(@CGUID+11,19,-1569.24,175.497,-7.7936,0,0,0,0,0,0,14913,14913),
	(@CGUID+26,1,-1575.47,158.161,-7.79121,0,256,0,0,0,0,14936,14936),
	(@CGUID+26,2,-1572.08,152.677,-7.79277,0,256,0,0,0,0,14936,14936),
	(@CGUID+26,3,-1576.7,148.562,-7.68819,0,256,0,0,0,0,14936,14936),
	(@CGUID+26,4,-1573.76,139.119,-7.76603,0,256,0,0,0,0,14936,14936),
	(@CGUID+26,5,-1577.59,126.967,-8.62345,0,256,0,0,0,0,14936,14936),
	(@CGUID+26,6,-1587.35,117.863,-11.5741,0,256,0,0,0,0,14936,14936),
	(@CGUID+26,7,-1610.1,122.296,-16.7825,0,256,0,0,0,0,14936,14936),
	(@CGUID+26,8,-1620.21,119.979,-17.8968,0,256,0,0,0,0,14936,14936),
	(@CGUID+26,9,-1618.13,115.403,-17.8975,0,256,0,0,0,0,14936,14936),
	(@CGUID+26,10,-1608.62,119.054,-16.831,0,256,0,0,0,0,14936,14936),
	(@CGUID+26,11,-1594.33,112.947,-12.9152,0,256,0,0,0,0,14936,14936),
	(@CGUID+26,12,-1588.81,98.991,-10.2347,0,256,0,0,0,0,14936,14936),
	(@CGUID+26,13,-1572.73,89.6243,-8.82769,0,256,0,0,0,0,14936,14936),
	(@CGUID+26,14,-1567.45,87.7378,-7.76477,0,256,0,0,0,0,14936,14936),
	(@CGUID+26,15,-1563.15,98.9816,-3.06906,0,256,0,0,0,0,14936,14936),
	(@CGUID+26,16,-1565.4,102.757,-2.896,0,256,0,0,0,0,14936,14936),
	(@CGUID+26,17,-1583.99,112.75,-10.2707,0,256,0,0,0,0,14936,14936),
	(@CGUID+26,18,-1580.88,123.332,-9.42504,0,256,0,0,0,0,14936,14936),
	(@CGUID+26,19,-1571.26,129.157,-8.06199,0,256,0,0,0,0,14936,14936),
	(@CGUID+26,20,-1569.66,140.711,-7.7939,0,256,0,0,0,0,14936,14936),
	(@CGUID+26,21,-1559.37,141.195,-7.7939,0,256,0,0,0,0,14936,14936),
	(@CGUID+26,22,-1559.73,150.927,-7.7939,0,256,0,0,0,0,14936,14936),
	(@CGUID+26,23,-1546.95,149.346,-7.79148,0,256,0,0,0,0,14936,14936),
	(@CGUID+26,24,-1539.35,150.853,-7.71793,0,256,0,0,0,0,14936,14936),
	(@CGUID+26,25,-1528.09,168.914,-7.79275,0,256,0,0,0,0,14936,14936),
	(@CGUID+26,26,-1514.21,169.273,-7.79275,0,256,0,0,0,0,14936,14936),
	(@CGUID+26,27,-1504.27,180.06,-7.79275,0,256,0,0,0,0,14936,14936),
	(@CGUID+26,28,-1493.76,179.919,-7.79275,0,256,0,0,0,0,14936,14936),
	(@CGUID+26,29,-1485.46,184.446,-7.79275,0,256,0,0,0,0,14936,14936),
	(@CGUID+26,30,-1472.59,184.067,-7.79275,0,256,0,0,0,0,14936,14936),
	(@CGUID+26,31,-1463.58,192.686,-7.79275,0,256,0,0,0,0,14936,14936),
	(@CGUID+26,32,-1461.92,203.172,-7.79275,0,256,0,0,0,0,14936,14936),
	(@CGUID+26,33,-1461.92,203.172,-7.79275,0,256,0,0,0,0,14936,14936),
	(@CGUID+26,34,-1470.58,210.314,-7.79275,0,256,0,0,0,0,14936,14936),
	(@CGUID+26,35,-1481.88,209.937,-7.79275,0,256,0,0,0,0,14936,14936),
	(@CGUID+26,36,-1482.05,203.606,-7.79275,0,256,0,0,0,0,14936,14936),
	(@CGUID+26,37,-1492.26,196.854,-7.79275,0,256,0,0,0,0,14936,14936),
	(@CGUID+26,38,-1495.87,186.472,-7.79275,0,256,0,0,0,0,14936,14936),
	(@CGUID+26,39,-1507.26,182.862,-7.79275,0,256,0,0,0,0,14936,14936),
	(@CGUID+26,40,-1521.18,169.107,-7.79275,0,256,0,0,0,0,14936,14936),
	(@CGUID+26,41,-1534.19,166.913,-7.79275,0,256,0,0,0,0,14936,14936),
	(@CGUID+26,42,-1543.42,170.708,-7.79275,0,256,0,0,0,0,14936,14936),
	(@CGUID+26,43,-1550.8,164.094,-7.79275,0,256,0,0,0,0,14936,14936),
	(@CGUID+26,44,-1564.49,169.052,-7.79275,0,256,0,0,0,0,14936,14936),
	(@CGUID+26,45,-1572.98,159.602,-7.79275,0,256,0,0,0,0,14936,14936),
	(@CGUID+30,1,-1592.46,114.051,-12.766,0,0,0,0,0,0,14912,14912),
	(@CGUID+30,2,-1582.84,115.826,-10.2048,0,0,0,0,0,0,14912,14912),
	(@CGUID+30,3,-1583.21,119.769,-10.2652,0,0,0,0,0,0,14912,14912),
	(@CGUID+30,4,-1591.52,118.139,-12.6364,0,0,0,0,0,0,14912,14912),
	(@CGUID+30,5,-1611.46,122.159,-17.021,0,0,0,0,0,0,14912,14912),
	(@CGUID+30,6,-1624.46,119.896,-17.9431,0,0,0,0,0,0,14912,14912),
	(@CGUID+30,7,-1632.14,114.178,-17.9478,0,0,0,0,0,0,14912,14912),
	(@CGUID+30,8,-1632.22,96.8979,-17.9478,0,0,0,0,0,0,14912,14912),
	(@CGUID+30,9,-1628.34,88.9697,-17.9478,0,0,0,0,0,0,14912,14912),
	(@CGUID+30,10,-1625.94,89.4384,-17.9478,0,0,0,0,0,0,14912,14912),
	(@CGUID+30,11,-1624.66,93.1136,-17.9478,0,0,0,0,0,0,14912,14912),
	(@CGUID+30,12,-1626.8,106.446,-17.9478,0,0,0,0,0,0,14912,14912),
	(@CGUID+30,13,-1611.83,117.386,-17.3982,0,0,0,0,0,0,14912,14912);
