-- Horde Warbringer
REPLACE INTO `creature_spawns` VALUES (62657, 15350, 571, 5467.59, 2841.06, 418.758, 1.39626, 2, 15387, 1801, 832, 16777472, 0, 257, 0, 0, 0, 0, 0, 0, 0, 0, 13706, 0, 0, 0, 64);
REPLACE INTO `creature_waypoints` VALUES (62657, 1, 5467.59, 2841.06, 418.675, 0, 0, 1, 0, 1, 0, 15387, 15387);
REPLACE INTO `creature_waypoints` VALUES (62657, 2, 5458.94, 2858.39, 418.675, 0, 0, 1, 0, 1, 0, 15387, 15387);
REPLACE INTO `creature_waypoints` VALUES (62657, 3, 5441.14, 2867.5, 418.675, 0, 0, 1, 0, 1, 0, 15387, 15387);
REPLACE INTO `creature_waypoints` VALUES (62657, 4, 5422.02, 2860.06, 418.675, 0, 0, 1, 0, 1, 0, 15387, 15387);
REPLACE INTO `creature_waypoints` VALUES (62657, 5, 5413.93, 2841.75, 418.675, 0, 0, 1, 0, 1, 0, 15387, 15387);
REPLACE INTO `creature_waypoints` VALUES (62657, 6, 5420.93, 2822.25, 418.675, 0, 0, 1, 0, 1, 0, 15387, 15387);
REPLACE INTO `creature_waypoints` VALUES (62657, 7, 5439.49, 2814.18, 418.675, 0, 0, 1, 0, 1, 0, 15387, 15387);
REPLACE INTO `creature_waypoints` VALUES (62657, 8, 5459.75, 2820.99, 418.675, 0, 0, 1, 0, 1, 0, 15387, 15387);
-- Alliance Brigadier General
REPLACE INTO `creature_spawns` VALUES (711207, 15351, 571, 5467.59, 2841.06, 418.675, 1.39626, 2, 27154, 1802, 832, 16777472, 0, 0, 0, 0, 0, 0, 0, 0, 0, 0, 0, 0, 0, 0, 128);
REPLACE INTO `creature_waypoints` VALUES (711207, 1, 5467.59, 2841.06, 418.675, 0, 0, 1, 0, 1, 0, 27154, 27154);
REPLACE INTO `creature_waypoints` VALUES (711207, 2, 5458.94, 2858.39, 418.675, 0, 0, 1, 0, 1, 0, 27154, 27154);
REPLACE INTO `creature_waypoints` VALUES (711207, 3, 5441.14, 2867.5, 418.675, 0, 0, 1, 0, 1, 0, 27154, 27154);
REPLACE INTO `creature_waypoints` VALUES (711207, 4, 5422.02, 2860.06, 418.675, 0, 0, 1, 0, 1, 0, 27154, 27154);
REPLACE INTO `creature_waypoints` VALUES (711207, 5, 5413.93, 2841.75, 418.675, 0, 0, 1, 0, 1, 0, 27154, 27154);
REPLACE INTO `creature_waypoints` VALUES (711207, 6, 5420.93, 2822.25, 418.675, 0, 0, 1, 0, 1, 0, 27154, 27154);
REPLACE INTO `creature_waypoints` VALUES (711207, 7, 5439.49, 2814.18, 418.675, 0, 0, 1, 0, 1, 0, 27154, 27154);
REPLACE INTO `creature_waypoints` VALUES (711207, 8, 5459.75, 2820.99, 418.675, 0, 0, 1, 0, 1, 0, 27154, 27154);
-- Travis Day <Legacy Weaponsmith>
REPLACE INTO `creature_spawns` VALUES (710893, 30488, 571, 5370.43, 2814.27, 409.323, 3.05433, 0, 27166, 1891, 2, 0, 0, 1, 0, 0, 0, 0, 0, 0, 0, 0, 0, 0, 0, 0, 128);
-- Alliance Brigadier General
REPLACE INTO `creature_spawns` VALUES (710895, 32626, 571, 5442.15, 2865.77, 418.676, 1.58396, 0, 27154, 55, 832, 16777472, 0, 257, 0, 0, 0, 0, 0, 0, 0, 0, 0, 0, 0, 0, 128);
-- Morgan Day <Jewelcrafter>
REPLACE INTO `creature_spawns` VALUES (710861, 30489, 571, 5369.97, 2874.83, 409.323, 3.12414, 0, 3122, 1891, 0, 16777472, 0, 1, 0, 0, 0, 0, 0, 0, 0, 0, 2559, 0, 0, 0, 128);
-- Stone Guard Mukar <Wintergrasp Quartermaster>
REPLACE INTO `creature_spawns` VALUES (710892, 32296, 571, 5374.57, 2790.78, 409.323, 2.60054, 0, 27895, 1981, 768, 16777472, 0, 1, 0, 0, 0, 0, 0, 0, 0, 27245, 0, 0, 0, 0, 64);
-- Champion Ros'slai <Wintergrasp Quartermaster>
REPLACE INTO `creature_spawns` VALUES (710894, 39173, 571, 5372.67, 2786.74, 409.442, 2.80998, 0, 31347, 1981, 768, 16777472, 0, 1, 0, 0, 0, 0, 0, 0, 0, 29261, 0, 0, 0, 0, 64);
-- Horde Warbringer
REPLACE INTO `creature_spawns` VALUES (710896, 32615, 571, 5439.79, 2817.37, 418.675, 4.75226, 0, 15387, 106, 832, 16777472, 0, 257, 0, 0, 0, 0, 0, 0, 0, 13706, 0, 0, 0, 0, 64);
-- Knight Dameron <Wintergrasp Quartermaster>
REPLACE INTO `creature_spawns` VALUES (710876, 32294, 571, 5374.57, 2790.78, 409.323, 2.72271, 0, 27894, 1891, 0, 16777472, 0, 0, 0, 0, 0, 0, 0, 0, 0, 27247, 0, 0, 0, 0, 128);
-- Marshal Magruder <Wintergrasp Quartermaster>
REPLACE INTO `creature_spawns` VALUES (710877, 39172, 571, 5372.67, 2786.74, 409.442, 2.80998, 0, 31346, 2070, 0, 16777472, 0, 0, 0, 0, 0, 0, 0, 0, 0, 28912, 0, 0, 0, 0, 128);
-- Commander Zanneth
REPLACE INTO `creature_spawns` VALUES (710862, 31036, 571, 5077.89, 2180.89, 365.383, 0.656764, 2, 13662, 1891, 64, 16777472, 0, 1, 0, 0, 0, 0, 0, 0, 0, 14337, 13160, 0, 14105, 0, 1);
REPLACE INTO `creature_waypoints` VALUES (710862, 1, 5077.89, 2180.8, 365.393, 1000, 0, 1, 0, 1, 0, 13662, 13662);
REPLACE INTO `creature_waypoints` VALUES (710862, 2, 5086.48, 2179.66, 365.599, 1000, 0, 1, 0, 1, 0, 13662, 13662);
REPLACE INTO `creature_waypoints` VALUES (710862, 3, 5095.14, 2179.34, 365.6, 1000, 0, 1, 0, 1, 0, 13662, 13662);
REPLACE INTO `creature_waypoints` VALUES (710862, 4, 5094.37, 2184.64, 365.6, 1000, 0, 1, 0, 1, 0, 13662, 13662);
REPLACE INTO `creature_spawns` VALUES (710863, 31036, 571, 5364.19, 2820.89, 409.531, 3.08453, 2, 13662, 1891, 64, 16777472, 0, 1, 0, 0, 0, 0, 0, 0, 0, 14337, 13160, 0, 14105, 0, 128);
REPLACE INTO `creature_waypoints` VALUES (710863, 1, 5364.19, 2820.89, 409.532, 1000, 0, 1, 0, 1, 0, 13662, 13662);
REPLACE INTO `creature_waypoints` VALUES (710863, 2, 5358.21, 2831.34, 409.239, 1000, 0, 1, 0, 1, 0, 13662, 13662);
REPLACE INTO `creature_waypoints` VALUES (710863, 3, 5357.99, 2845.98, 409.239, 1000, 0, 1, 0, 1, 0, 13662, 13662);
REPLACE INTO `creature_waypoints` VALUES (710863, 4, 5361.68, 2861.27, 409.547, 1000, 0, 1, 0, 1, 0, 13662, 13662);
REPLACE INTO `creature_waypoints` VALUES (710863, 5, 5367.12, 2847.22, 409.24, 1000, 0, 1, 0, 1, 0, 13662, 13662);
REPLACE INTO `creature_waypoints` VALUES (710863, 6, 5368.48, 2836.37, 409.24, 1000, 0, 1, 0, 1, 0, 13662, 13662);
-- Sorceress Kaylana <Enchantress>
REPLACE INTO `creature_spawns` VALUES (710865, 31051, 571, 5296.87, 2887.67, 409.275, 5.60251, 0, 18052, 1891, 32832, 67584, 0, 1, 0, 0, 0, 0, 0, 0, 0, 0, 0, 0, 0, 0, 128);
REPLACE INTO `creature_spawns` VALUES (710864, 31051, 571, 5081.7, 2173.73, 365.878, 0.855211, 0, 18052, 1891, 32832, 67584, 0, 1, 0, 0, 0, 0, 0, 0, 0, 0, 0, 0, 0, 0, 1);
-- Bowyer Randolph
REPLACE INTO `creature_spawns` VALUES (710867, 31052, 571, 5302.57, 2750.4, 409.275, 5.46288, 0, 13455, 1891, 64, 16777472, 0, 1, 0, 0, 0, 0, 0, 0, 0, 0, 12403, 0, 5258, 0, 128);
REPLACE INTO `creature_spawns` VALUES (710866, 31052, 571, 5100.07, 2168.89, 365.779, 1.97222, 0, 13455, 1891, 64, 16777472, 0, 1, 0, 0, 0, 0, 0, 0, 0, 0, 12403, 0, 5258, 0, 1);
-- Anchorite Tessa
REPLACE INTO `creature_spawns` VALUES (710868, 31054, 571, 5088.61, 2167.66, 365.689, 0.680678, 0, 20270, 1891, 32768, 66048, 0, 1, 0, 0, 0, 0, 0, 0, 0, 0, 12751, 0, 0, 0, 1);
REPLACE INTO `creature_spawns` VALUES (710869, 31054, 571, 5372.06, 3028.34, 409.206, 0.0125653, 0, 20270, 1891, 32768, 66048, 0, 1, 0, 0, 0, 0, 0, 0, 0, 0, 12751, 0, 0, 0, 128);
REPLACE INTO `creature_waypoints` VALUES (710869, 1, 5393.95, 3027.18, 409.189, 1000, 0, 1, 0, 1, 0, 20270, 20270);
REPLACE INTO `creature_waypoints` VALUES (710869, 2, 5352.1, 3027.01, 409.19, 1000, 0, 1, 0, 1, 0, 20270, 20270);
-- Siege Master Stouthandle
REPLACE INTO `creature_spawns` VALUES (710871, 31108, 571, 5298.27, 2924.98, 409.275, 0.907571, 0, 13461, 1892, 64, 16777472, 0, 1, 0, 0, 0, 0, 0, 0, 0, 0, 5293, 0, 5259, 0, 128);
REPLACE INTO `creature_spawns` VALUES (710870, 31108, 571, 5095.67, 2193.28, 365.924, 4.93928, 0, 13461, 1892, 64, 16777472, 0, 1, 0, 0, 0, 0, 0, 0, 0, 0, 5293, 0, 5259, 0, 1);
-- Senior Demolitionist Legoso
REPLACE INTO `creature_spawns` VALUES (710873, 31109, 571, 5228.29, 2809.89, 409.275, 3.19395, 0, 17384, 1891, 32768, 512, 0, 1, 0, 0, 0, 0, 0, 0, 0, 0, 24017, 0, 0, 0, 128);
REPLACE INTO `creature_spawns` VALUES (710872, 31109, 571, 5080.4, 2199, 359.489, 2.96706, 0, 17384, 1891, 32768, 512, 0, 1, 0, 0, 0, 0, 0, 0, 0, 0, 24017, 0, 0, 0, 1);
-- Primalist Mulfort
REPLACE INTO `creature_spawns` VALUES (710878, 31053, 571, 5393.93, 3027.16, 409.188, 3.21228, 0, 13464, 2132, 64, 16777472, 0, 257, 0, 0, 0, 0, 0, 0, 0, 0, 12883, 13630, 14105, 0, 64);
REPLACE INTO `creature_waypoints` VALUES (710878, 1, 5393.55, 3026.97, 409.188, 1000, 0, 1, 0, 1, 0, 13464, 13464);
REPLACE INTO `creature_waypoints` VALUES (710878, 2, 5352.1, 3027.26, 409.19, 1000, 0, 1, 0, 1, 0, 13464, 13464);
REPLACE INTO `creature_spawns` VALUES (710879, 31053, 571, 5032.31, 3667.18, 363.185, 3.17223, 0, 13464, 2132, 64, 16777472, 0, 1, 0, 0, 0, 0, 0, 0, 0, 0, 12883, 13630, 14105, 0, 1);
-- Commander Dardosh
REPLACE INTO `creature_spawns` VALUES (710881, 31091, 571, 5025.54, 3659.55, 362.024, 2.07415, 2, 13462, 2132, 64, 16777472, 0, 257, 0, 0, 0, 0, 0, 0, 0, 0, 14586, 0, 5262, 0, 1);
REPLACE INTO `creature_waypoints` VALUES (710881, 1, 5025.55, 3659.56, 362.024, 1000, 0, 1, 0, 1, 0, 13462, 13462);
REPLACE INTO `creature_waypoints` VALUES (710881, 2, 5024.13, 3667.5, 362.436, 1000, 0, 1, 0, 1, 0, 13462, 13462);
REPLACE INTO `creature_waypoints` VALUES (710881, 3, 5023.19, 3675.31, 362.788, 1000, 0, 1, 0, 1, 0, 13462, 13462);
REPLACE INTO `creature_spawns` VALUES (710880, 31091, 571, 5364.19, 2820.89, 409.531, 3.08453, 2, 13462, 2132, 64, 16777472, 0, 257, 0, 0, 0, 0, 0, 0, 0, 0, 14586, 0, 5262, 0, 64);
REPLACE INTO `creature_waypoints` VALUES (710880, 1, 5364.19, 2820.89, 409.532, 1000, 0, 1, 0, 1, 0, 13462, 13462);
REPLACE INTO `creature_waypoints` VALUES (710880, 2, 5358.21, 2831.34, 409.239, 1000, 0, 1, 0, 1, 0, 13462, 13462);
REPLACE INTO `creature_waypoints` VALUES (710880, 3, 5357.99, 2845.98, 409.239, 1000, 0, 1, 0, 1, 0, 13462, 13462);
REPLACE INTO `creature_waypoints` VALUES (710880, 4, 5361.68, 2861.27, 409.547, 1000, 0, 1, 0, 1, 0, 13462, 13462);
REPLACE INTO `creature_waypoints` VALUES (710880, 5, 5367.12, 2847.22, 409.24, 1000, 0, 1, 0, 1, 0, 13462, 13462);
REPLACE INTO `creature_waypoints` VALUES (710880, 6, 5368.48, 2836.37, 409.24, 1000, 0, 1, 0, 1, 0, 13462, 13462);
-- Hoodoo Master Fu'jin <Master Hexxer>
REPLACE INTO `creature_spawns` VALUES (710883, 31101, 571, 5014.07, 3678.85, 362.996, 5.09636, 0, 4577, 2132, 32768, 512, 0, 1, 0, 0, 0, 0, 0, 0, 0, 0, 1908, 0, 0, 0, 1);
REPLACE INTO `creature_spawns` VALUES (710882, 31101, 571, 5296.56, 2789.87, 409.275, 0.733038, 0, 4577, 2132, 32768, 512, 0, 1, 0, 0, 0, 0, 0, 0, 0, 0, 1908, 0, 0, 0, 64);
-- Vieron Blazefeather
REPLACE INTO `creature_spawns` VALUES (710884, 31102, 571, 5302.57, 2750.4, 409.275, 5.46288, 2, 18219, 2132, 32768, 2048, 0, 1, 0, 0, 0, 0, 0, 0, 0, 0, 0, 0, 0, 0, 64);
REPLACE INTO `creature_waypoints` VALUES (710884, 1, 5302.57, 2750.4, 409.193, 1000, 0, 1, 0, 1, 0, 18219, 18219);
REPLACE INTO `creature_waypoints` VALUES (710884, 2, 5298, 2737.24, 409.193, 1000, 0, 1, 0, 1, 0, 18219, 18219);
REPLACE INTO `creature_waypoints` VALUES (710884, 3, 5294.63, 2728.64, 409.193, 1000, 0, 1, 0, 1, 0, 18219, 18219);
REPLACE INTO `creature_waypoints` VALUES (710884, 4, 5294.28, 2717.86, 409.193, 1000, 0, 1, 0, 1, 0, 18219, 18219);
REPLACE INTO `creature_spawns` VALUES (710885, 31102, 571, 5029.56, 3659.69, 363.049, 2.32081, 0, 18219, 2132, 32768, 2048, 0, 1, 0, 0, 0, 0, 0, 0, 0, 0, 0, 0, 0, 0, 1);
-- Siegesmith Stronghoof
REPLACE INTO `creature_spawns` VALUES (710887, 31106, 571, 5037.6, 3675.46, 363.148, 3.1765, 0, 13468, 2132, 64, 16777472, 0, 1, 0, 0, 0, 0, 0, 0, 0, 0, 11323, 0, 5260, 0, 1);
REPLACE INTO `creature_spawns` VALUES (710886, 31106, 571, 5295.56, 2926.67, 409.275, 0.872665, 0, 13468, 2132, 64, 16777472, 0, 1, 0, 0, 0, 0, 0, 0, 0, 0, 11323, 0, 5260, 0, 64);
-- Lieutenant Murp
REPLACE INTO `creature_spawns` VALUES (710889, 31107, 571, 5004.46, 3661.09, 361.336, 3.97935, 0, 16215, 2132, 64, 16777472, 0, 1, 0, 0, 0, 0, 0, 0, 0, 0, 12593, 0, 14118, 0, 1);
REPLACE INTO `creature_spawns` VALUES (710888, 31107, 571, 5230.09, 2876.64, 409.316, -2.19855, 0, 16215, 2132, 64, 16777472, 0, 1, 0, 0, 0, 0, 0, 0, 0, 0, 12593, 0, 14118, 0, 64);
-- Tactical Officer Kilrath
REPLACE INTO `creature_spawns` VALUES (710891, 31151, 571, 5034.7, 3683.27, 363.129, 4.31096, 0, 17650, 2132, 32768, 16777472, 0, 1, 0, 0, 0, 0, 0, 0, 0, 0, 0, 0, 0, 0, 1);
REPLACE INTO `creature_spawns` VALUES (710890, 31151, 571, 5363.29, 2834.53, 409.361, 2.76273, 0, 17650, 2132, 32768, 16777472, 0, 1, 0, 0, 0, 0, 0, 0, 0, 0, 0, 0, 0, 0, 64);
-- Spirit Guide
REPLACE INTO `creature_spawns` VALUES (710843, 31841, 571, 5537.48, 2898.91, 517.259, 4.86947, 0, 27760, 83, 2147484480, 66048, 0, 1, 474, 0, 0, 0, 0, 0, 0, 0, 13337, 0, 0, 0, 64);
REPLACE INTO `creature_spawns` VALUES (710842, 31841, 571, 5103.13, 3462.13, 368.568, 5.2709, 0, 27759, 83, 2147484480, 512, 0, 1, 474, 0, 0, 0, 0, 0, 0, 0, 13337, 0, 0, 0, 16);
REPLACE INTO `creature_spawns` VALUES (710841, 31841, 571, 5101.47, 2300.85, 368.485, 0.576859, 0, 27760, 83, 2147484480, 66048, 0, 1, 474, 0, 0, 0, 0, 0, 0, 0, 13337, 0, 0, 0, 16);
REPLACE INTO `creature_spawns` VALUES (710840, 31841, 571, 4336.25, 3235.52, 390.334, 0.628319, 0, 27759, 83, 2147484480, 512, 0, 1, 474, 0, 0, 0, 0, 0, 0, 0, 13337, 0, 0, 0, 16);
REPLACE INTO `creature_spawns` VALUES (710839, 31841, 571, 4318.44, 2408.07, 392.676, 6.23083, 0, 27760, 83, 2147484480, 66048, 0, 1, 474, 0, 0, 0, 0, 0, 0, 0, 13337, 0, 0, 0, 16);
REPLACE INTO `creature_spawns` VALUES (710848, 31842, 571, 5537.48, 2898.91, 517.259, 4.86947, 0, 27758, 84, 2147484480, 66048, 0, 1, 474, 0, 0, 0, 0, 0, 0, 0, 12591, 0, 0, 0, 128);
REPLACE INTO `creature_spawns` VALUES (710847, 31842, 571, 5103.13, 3462.13, 368.568, 5.2709, 0, 27757, 84, 2147484480, 512, 0, 1, 474, 0, 0, 0, 0, 0, 0, 0, 12591, 0, 0, 0, 32);
REPLACE INTO `creature_spawns` VALUES (710846, 31842, 571, 5101.47, 2300.85, 368.485, 0.576859, 0, 27758, 84, 2147484480, 66048, 0, 1, 474, 0, 0, 0, 0, 0, 0, 0, 12591, 0, 0, 0, 32);
REPLACE INTO `creature_spawns` VALUES (710845, 31842, 571, 4336.25, 3235.52, 390.334, 0.628319, 0, 27757, 84, 2147484480, 512, 0, 1, 474, 0, 0, 0, 0, 0, 0, 0, 12591, 0, 0, 0, 32);
REPLACE INTO `creature_spawns` VALUES (710844, 31842, 571, 4318.44, 2408.07, 392.676, 6.23083, 0, 27758, 84, 2147484480, 66048, 0, 1, 474, 0, 0, 0, 0, 0, 0, 0, 12591, 0, 0, 0, 32);
-- Goblin Mechanic <Demolisher Engineer>
REPLACE INTO `creature_spawns` VALUES (710854, 30400, 571, 5392.91, 2975.26, 415.223, 4.55531, 0, 27936, 1735, 768, 16843008, 0, 1, 0, 0, 0, 0, 0, 0, 0, 0, 0, 0, 0, 0, 64);
REPLACE INTO `creature_spawns` VALUES (710853, 30400, 571, 5391.61, 2707.72, 415.051, 4.55531, 0, 27937, 1735, 768, 16843008, 0, 1, 0, 0, 0, 0, 0, 0, 0, 0, 0, 0, 0, 0, 64);
REPLACE INTO `creature_spawns` VALUES (710852, 30400, 571, 4354.15, 3312.82, 378.046, 1.67552, 0, 27935, 1735, 768, 16777472, 0, 1, 0, 0, 0, 0, 0, 0, 0, 0, 0, 0, 0, 0, 16);
REPLACE INTO `creature_spawns` VALUES (710851, 30400, 571, 4357.67, 2357.99, 382.007, 1.67552, 0, 27936, 1735, 768, 16843008, 0, 1, 0, 0, 0, 0, 0, 0, 0, 0, 0, 0, 0, 0, 16);
REPLACE INTO `creature_spawns` VALUES (710850, 30400, 571, 4939.76, 2389.06, 326.153, 3.26377, 0, 27937, 1735, 768, 16843008, 0, 1, 0, 0, 0, 0, 0, 0, 0, 0, 0, 0, 0, 0, 16);
REPLACE INTO `creature_spawns` VALUES (710849, 30400, 571, 4964.89, 3383.06, 382.911, 6.12611, 0, 27935, 1735, 768, 16777472, 0, 1, 0, 0, 0, 0, 0, 0, 0, 0, 0, 0, 0, 0, 16);
-- Gnomish Engineer <Demolisher Engineer>
REPLACE INTO `creature_spawns` VALUES (710860, 30499, 571, 5392.91, 2975.26, 415.223, 4.55531, 0, 27940, 1732, 768, 16843008, 0, 1, 0, 0, 0, 0, 0, 0, 0, 0, 0, 0, 0, 0, 128);
REPLACE INTO `creature_spawns` VALUES (710859, 30499, 571, 5391.61, 2707.72, 415.051, 4.55531, 0, 27938, 1732, 768, 16777472, 0, 1, 0, 0, 0, 0, 0, 0, 0, 0, 0, 0, 0, 0, 128);
REPLACE INTO `creature_spawns` VALUES (710858, 30499, 571, 4354.15, 3312.82, 378.046, 1.67552, 0, 27940, 1732, 768, 16843008, 0, 1, 0, 0, 0, 0, 0, 0, 0, 0, 0, 0, 0, 0, 32);
REPLACE INTO `creature_spawns` VALUES (710857, 30499, 571, 4357.67, 2357.99, 382.007, 1.67552, 0, 27938, 1732, 768, 16777472, 0, 1, 0, 0, 0, 0, 0, 0, 0, 0, 0, 0, 0, 0, 32);
REPLACE INTO `creature_spawns` VALUES (710856, 30499, 571, 4939.76, 2389.06, 326.153, 3.26377, 0, 27940, 1732, 768, 16843008, 0, 1, 0, 0, 0, 0, 0, 0, 0, 0, 0, 0, 0, 0, 32);
REPLACE INTO `creature_spawns` VALUES (710855, 30499, 571, 4964.89, 3383.06, 382.911, 6.12611, 0, 27938, 1732, 768, 16777472, 0, 1, 0, 0, 0, 0, 0, 0, 0, 0, 0, 0, 0, 0, 32);
-- Portal
REPLACE INTO `creature_spawns` VALUES (136401, 32621, 571, 5406.83, 2817.45, 418.674, 0.988804, 0, 26499, 1802, 4098, 16777472, 0, 0, 0, 0, 0, 0, 0, 0, 0, 0, 0, 0, 0, 0, 128);
REPLACE INTO `creature_spawns` VALUES (130321, 32620, 571, 5406.83, 2817.45, 418.674, 0.988804, 0, 26501, 1801, 2147746560, 16777472, 0, 1, 0, 0, 0, 0, 0, 0, 0, 0, 0, 0, 0, 0, 64);
REPLACE INTO `creature_spawns` VALUES (130319, 32617, 571, 5415.12, 2811.42, 418.758, 2.32129, 0, 26494, 1801, 2147746560, 16777472, 0, 1, 0, 0, 0, 0, 0, 0, 0, 0, 0, 0, 0, 0, 64);
REPLACE INTO `creature_spawns` VALUES (136398, 32616, 571, 5415.12, 2811.42, 418.758, 2.32129, 0, 26484, 1802, 4098, 16777472, 0, 0, 0, 0, 0, 0, 0, 0, 0, 0, 0, 0, 0, 0, 128);
REPLACE INTO `creature_spawns` VALUES (130323, 32625, 571, 5476.1, 2818.04, 418.758, 4.38078, 0, 26503, 1801, 2147746560, 16777472, 0, 1, 0, 0, 0, 0, 0, 0, 0, 0, 0, 0, 0, 0, 64);
REPLACE INTO `creature_spawns` VALUES (136399, 32624, 571, 5476.1, 2818.04, 418.758, 4.38078, 0, 26502, 1802, 4098, 16777472, 0, 0, 0, 0, 0, 0, 0, 0, 0, 0, 0, 0, 0, 0, 128);
REPLACE INTO `creature_spawns` VALUES (130320, 32619, 571, 5467.56, 2810.08, 418.758, 0.837758, 0, 26496, 1801, 2147746560, 16777472, 0, 1, 0, 0, 0, 0, 0, 0, 0, 0, 0, 0, 0, 0, 64);
REPLACE INTO `creature_spawns` VALUES (136397, 32618, 571, 5467.56, 2810.08, 418.758, 0.837758, 0, 26495, 1802, 4098, 16777472, 0, 0, 0, 0, 0, 0, 0, 0, 0, 0, 0, 0, 0, 0, 128);
REPLACE INTO `creature_spawns` VALUES (130322, 32623, 571, 5468.27, 2871.14, 418.758, 0, 0, 26505, 1801, 2147746560, 16777472, 0, 1, 0, 0, 0, 0, 0, 0, 0, 0, 0, 0, 0, 0, 64);
REPLACE INTO `creature_spawns` VALUES (136400, 32622, 571, 5468.27, 2871.14, 418.758, 0, 0, 26504, 1802, 4098, 16777472, 0, 0, 0, 0, 0, 0, 0, 0, 0, 0, 0, 0, 0, 0, 128);
-- RP-GG
REPLACE INTO `creature_spawns` VALUES (125306, 30560, 571, 5363.01, 2741.6, 409.211, 3.22886, 0, 27121, 2059, 33280, 16777472, 0, 1, 0, 0, 0, 0, 0, 0, 0, 0, 0, 0, 0, 0, 241);
REPLACE INTO `creature_spawns` VALUES (125307, 30560, 571, 4382.14, 2332.72, 376.403, 0.418879, 0, 27121, 2059, 33280, 16777472, 0, 1, 0, 0, 0, 0, 0, 0, 0, 0, 0, 0, 0, 0, 241);
REPLACE INTO `creature_spawns` VALUES (125308, 30560, 571, 4372.92, 3278.97, 372.512, 6.03884, 0, 27121, 2059, 33280, 16777472, 0, 1, 0, 0, 0, 0, 0, 0, 0, 0, 0, 0, 0, 0, 241);
REPLACE INTO `creature_spawns` VALUES (125309, 30560, 571, 5363.77, 3006.14, 409.275, 3.31613, 0, 27121, 2059, 33280, 16777472, 0, 1, 0, 0, 0, 0, 0, 0, 0, 0, 0, 0, 0, 0, 241);
REPLACE INTO `creature_spawns` VALUES (125310, 30560, 571, 4373.83, 3282.3, 372.512, 6.05629, 0, 27121, 2059, 33280, 16777472, 0, 1, 0, 0, 0, 0, 0, 0, 0, 0, 0, 0, 0, 0, 241);
REPLACE INTO `creature_spawns` VALUES (125311, 30560, 571, 4382.47, 2328.35, 376.403, 0.279253, 0, 27121, 2059, 33280, 16777472, 0, 1, 0, 0, 0, 0, 0, 0, 0, 0, 0, 0, 0, 0, 241);
REPLACE INTO `creature_spawns` VALUES (125312, 30560, 571, 4382.04, 2334.92, 376.403, 0.610865, 0, 27121, 2059, 33280, 16777472, 0, 1, 0, 0, 0, 0, 0, 0, 0, 0, 0, 0, 0, 0, 241);
REPLACE INTO `creature_spawns` VALUES (125313, 30560, 571, 5363.03, 2740.53, 409.203, 3.21141, 0, 27121, 2059, 33280, 16777472, 0, 1, 0, 0, 0, 0, 0, 0, 0, 0, 0, 0, 0, 0, 241);
REPLACE INTO `creature_spawns` VALUES (125314, 30560, 571, 5363.06, 2736.27, 409.18, 3.19395, 0, 27121, 2059, 33280, 16777472, 0, 1, 0, 0, 0, 0, 0, 0, 0, 0, 0, 0, 0, 0, 241);
REPLACE INTO `creature_spawns` VALUES (125315, 30560, 571, 4382.24, 2330.4, 376.403, 0.471239, 0, 27121, 2059, 33280, 16777472, 0, 1, 0, 0, 0, 0, 0, 0, 0, 0, 0, 0, 0, 0, 241);
REPLACE INTO `creature_spawns` VALUES (125316, 30560, 571, 5363.87, 3007.53, 409.275, 3.29867, 0, 27121, 2059, 33280, 16777472, 0, 1, 0, 0, 0, 0, 0, 0, 0, 0, 0, 0, 0, 0, 241);
REPLACE INTO `creature_spawns` VALUES (125317, 30560, 571, 4381.8, 2337.09, 376.403, 0.523599, 0, 27121, 2059, 33280, 16777472, 0, 1, 0, 0, 0, 0, 0, 0, 0, 0, 0, 0, 0, 0, 241);
REPLACE INTO `creature_spawns` VALUES (125318, 30560, 571, 4373.3, 3280.6, 372.512, 5.96903, 0, 27121, 2059, 33280, 16777472, 0, 1, 0, 0, 0, 0, 0, 0, 0, 0, 0, 0, 0, 0, 241);
REPLACE INTO `creature_spawns` VALUES (125319, 30560, 571, 5363.1, 2739.42, 409.196, 3.21141, 0, 27121, 2059, 33280, 16777472, 0, 1, 0, 0, 0, 0, 0, 0, 0, 0, 0, 0, 0, 0, 241);
REPLACE INTO `creature_spawns` VALUES (125320, 30560, 571, 4371.87, 3276.2, 372.512, 6.02139, 0, 27121, 2059, 33280, 16777472, 0, 1, 0, 0, 0, 0, 0, 0, 0, 0, 0, 0, 0, 0, 241);
REPLACE INTO `creature_spawns` VALUES (125321, 30560, 571, 5363.12, 2738.27, 409.188, 3.21141, 0, 27121, 2059, 33280, 16777472, 0, 1, 0, 0, 0, 0, 0, 0, 0, 0, 0, 0, 0, 0, 241);
REPLACE INTO `creature_spawns` VALUES (125322, 30560, 571, 4372.49, 3277.77, 372.512, 6.03884, 0, 27121, 2059, 33280, 16777472, 0, 1, 0, 0, 0, 0, 0, 0, 0, 0, 0, 0, 0, 0, 241);
REPLACE INTO `creature_spawns` VALUES (125323, 30560, 571, 5364.06, 3008.92, 409.275, 3.14159, 0, 27121, 2059, 33280, 16777472, 0, 1, 0, 0, 0, 0, 0, 0, 0, 0, 0, 0, 0, 0, 241);
REPLACE INTO `creature_spawns` VALUES (125324, 30560, 571, 5364.4, 3011.7, 409.275, 3.26377, 0, 27121, 2059, 33280, 16777472, 0, 1, 0, 0, 0, 0, 0, 0, 0, 0, 0, 0, 0, 0, 241);
REPLACE INTO `creature_spawns` VALUES (125325, 30560, 571, 5364.25, 3010.51, 409.275, 3.31613, 0, 27121, 2059, 33280, 16777472, 0, 1, 0, 0, 0, 0, 0, 0, 0, 0, 0, 0, 0, 0, 241);
-- Wintergrasp Control Arms
REPLACE INTO `creature_spawns` VALUES (113928, 27852, 571, 5390.45, 2986.97, 420.01, 0, 0, 27137, 7, 33554432, 16777472, 0, 1, 0, 0, 0, 0, 0, 0, 0, 0, 0, 0, 0, 1, 241);
REPLACE INTO `creature_spawns` VALUES (113929, 27852, 571, 5388.94, 2719.32, 419.795, 0, 0, 27137, 7, 33554432, 16777472, 0, 1, 0, 0, 0, 0, 0, 0, 0, 0, 0, 0, 0, 1, 241);
REPLACE INTO `creature_spawns` VALUES (113930, 27852, 571, 4953.63, 3384.45, 387.608, 0, 0, 27137, 7, 33554432, 16777472, 0, 1, 0, 0, 0, 0, 0, 0, 0, 0, 0, 0, 0, 1, 241);
REPLACE INTO `creature_spawns` VALUES (113931, 27852, 571, 4950.28, 2390.2, 330.92, 0, 0, 27137, 7, 33554432, 16777472, 0, 1, 0, 0, 0, 0, 0, 0, 0, 0, 0, 0, 0, 1, 241);
REPLACE INTO `creature_spawns` VALUES (113932, 27852, 571, 4354.85, 3301.33, 382.833, 0, 0, 27137, 7, 33554432, 16777472, 0, 1, 0, 0, 0, 0, 0, 0, 0, 0, 0, 0, 0, 1, 241);
REPLACE INTO `creature_spawns` VALUES (113933, 27852, 571, 4359.99, 2346.99, 386.68, 0, 0, 27137, 7, 33554432, 16777472, 0, 1, 0, 0, 0, 0, 0, 0, 0, 0, 0, 0, 0, 1, 241);
-- Cannon
REPLACE INTO `creature_spawns` VALUES (711154, 28366, 571, 4559.7, 3599.58, 426.539, 4.80754, 0, 27101, 1735, 0, 50332672, 0, 0, 0, 0, 0, 0, 0, 0, 0, 0, 0, 0, 0, 0, 128);
REPLACE INTO `creature_spawns` VALUES (711153, 28366, 571, 4554.55, 3648.69, 426.539, 1.66751, 0, 27101, 1735, 0, 50332672, 0, 0, 0, 0, 0, 0, 0, 0, 0, 0, 0, 0, 0, 0, 128);
REPLACE INTO `creature_spawns` VALUES (711152, 28366, 571, 4532.81, 3621.22, 426.539, 3.26815, 0, 27101, 1735, 0, 50332672, 0, 0, 0, 0, 0, 0, 0, 0, 0, 0, 0, 0, 0, 0, 128);
REPLACE INTO `creature_spawns` VALUES (711151, 28366, 571, 4577.21, 3648.69, 402.887, 0.957503, 0, 27101, 1735, 0, 50332672, 0, 0, 0, 0, 0, 0, 0, 0, 0, 0, 0, 0, 0, 0, 128);
REPLACE INTO `creature_spawns` VALUES (711150, 28366, 571, 4532.54, 3644.16, 402.887, 2.55972, 0, 27101, 1735, 0, 50332672, 0, 0, 0, 0, 0, 0, 0, 0, 0, 0, 0, 0, 0, 0, 128);
REPLACE INTO `creature_spawns` VALUES (711149, 28366, 571, 4375.64, 2799.35, 412.631, 3.92749, 0, 27101, 1735, 0, 50332672, 0, 0, 0, 0, 0, 0, 0, 0, 0, 0, 0, 0, 0, 0, 128);
REPLACE INTO `creature_spawns` VALUES (711148, 28366, 571, 4375.31, 2844.94, 412.631, 2.38418, 0, 27101, 1735, 0, 50332672, 0, 0, 0, 0, 0, 0, 0, 0, 0, 0, 0, 0, 0, 0, 128);
REPLACE INTO `creature_spawns` VALUES (711147, 28366, 571, 4373.52, 2822.01, 436.283, 3.13581, 0, 27101, 1735, 0, 50332672, 0, 0, 0, 0, 0, 0, 0, 0, 0, 0, 0, 0, 0, 0, 128);
REPLACE INTO `creature_spawns` VALUES (711146, 28366, 571, 4448.55, 1921.8, 465.647, 4.30829, 0, 27101, 1735, 0, 50332672, 0, 0, 0, 0, 0, 0, 0, 0, 0, 0, 0, 0, 0, 0, 128);
REPLACE INTO `creature_spawns` VALUES (711145, 28366, 571, 4436.47, 1954.73, 465.647, 2.7477, 0, 27101, 1735, 0, 50332672, 0, 0, 0, 0, 0, 0, 0, 0, 0, 0, 0, 0, 0, 0, 128);
REPLACE INTO `creature_spawns` VALUES (711144, 28366, 571, 4428.76, 1933.12, 441.995, 3.42236, 0, 27101, 1735, 0, 50332672, 0, 0, 0, 0, 0, 0, 0, 0, 0, 0, 0, 0, 0, 0, 128);
REPLACE INTO `creature_spawns` VALUES (711143, 28366, 571, 4470.13, 1914.2, 441.996, 5.08269, 0, 27101, 1735, 0, 50332672, 0, 0, 0, 0, 0, 0, 0, 0, 0, 0, 0, 0, 0, 0, 128);
REPLACE INTO `creature_spawns` VALUES (711142, 28366, 571, 4488.96, 1955.37, 441.995, 0.468471, 0, 27101, 1735, 0, 50332672, 0, 0, 0, 0, 0, 0, 0, 0, 0, 0, 0, 0, 0, 0, 128);
REPLACE INTO `creature_spawns` VALUES (711141, 28366, 571, 5352.12, 3061.05, 421.101, 1.63603, 0, 27101, 1732, 0, 50332672, 0, 0, 0, 0, 0, 0, 0, 0, 0, 0, 0, 0, 0, 0, 128);
REPLACE INTO `creature_spawns` VALUES (711140, 28366, 571, 5352.11, 3061.43, 421.101, 1.61703, 0, 27101, 1735, 0, 50332672, 0, 0, 0, 0, 0, 0, 0, 0, 0, 0, 0, 0, 0, 0, 64);
REPLACE INTO `creature_spawns` VALUES (711139, 28366, 571, 4559.73, 3599.33, 426.539, 4.86921, 0, 27101, 1732, 0, 50332672, 0, 0, 0, 0, 0, 0, 0, 0, 0, 0, 0, 0, 0, 0, 64);
REPLACE INTO `creature_spawns` VALUES (711138, 28366, 571, 4532.59, 3621.39, 426.539, 3.22616, 0, 27101, 1732, 0, 50332672, 0, 0, 0, 0, 0, 0, 0, 0, 0, 0, 0, 0, 0, 0, 64);
REPLACE INTO `creature_spawns` VALUES (711137, 28366, 571, 4554.7, 3648.64, 426.539, 1.70641, 0, 27101, 1732, 0, 50332672, 0, 0, 0, 0, 0, 0, 0, 0, 0, 0, 0, 0, 0, 0, 64);
REPLACE INTO `creature_spawns` VALUES (711136, 28366, 571, 4577.16, 3648.87, 402.887, 0.842465, 0, 27101, 1732, 0, 50332672, 0, 0, 0, 0, 0, 0, 0, 0, 0, 0, 0, 0, 0, 0, 64);
REPLACE INTO `creature_spawns` VALUES (711135, 28366, 571, 4532.54, 3644.01, 402.887, 2.36064, 0, 27101, 1732, 0, 50332672, 0, 0, 0, 0, 0, 0, 0, 0, 0, 0, 0, 0, 0, 0, 64);
REPLACE INTO `creature_spawns` VALUES (711134, 28366, 571, 4373.13, 2821.97, 436.283, 3.09288, 0, 27101, 1732, 0, 50332672, 0, 0, 0, 0, 0, 0, 0, 0, 0, 0, 0, 0, 0, 0, 64);
REPLACE INTO `creature_spawns` VALUES (711133, 28366, 571, 4374.9, 2844.75, 412.631, 2.3923, 0, 27101, 1732, 0, 50332672, 0, 0, 0, 0, 0, 0, 0, 0, 0, 0, 0, 0, 0, 0, 64);
REPLACE INTO `creature_spawns` VALUES (711132, 28366, 571, 4375.64, 2799.36, 412.631, 4.0275, 0, 27101, 1732, 0, 50332672, 0, 0, 0, 0, 0, 0, 0, 0, 0, 0, 0, 0, 0, 0, 64);
REPLACE INTO `creature_spawns` VALUES (711131, 28366, 571, 4448.83, 1921.73, 465.647, 4.38283, 0, 27101, 1732, 0, 50332672, 0, 0, 0, 0, 0, 0, 0, 0, 0, 0, 0, 0, 0, 0, 64);
REPLACE INTO `creature_spawns` VALUES (711130, 28366, 571, 4436.46, 1954.87, 465.647, 2.73584, 0, 27101, 1732, 0, 50332672, 0, 0, 0, 0, 0, 0, 0, 0, 0, 0, 0, 0, 0, 0, 64);
REPLACE INTO `creature_spawns` VALUES (711129, 28366, 571, 4429.15, 1933.34, 441.995, 3.4584, 0, 27101, 1732, 0, 50332672, 0, 0, 0, 0, 0, 0, 0, 0, 0, 0, 0, 0, 0, 0, 64);
REPLACE INTO `creature_spawns` VALUES (711128, 28366, 571, 4470.05, 1914.52, 441.995, 5.1101, 0, 27101, 1732, 0, 50332672, 0, 0, 0, 0, 0, 0, 0, 0, 0, 0, 0, 0, 0, 0, 64);
REPLACE INTO `creature_spawns` VALUES (711127, 28366, 571, 4488.77, 1955.15, 441.995, 0.371002, 0, 27101, 1732, 0, 50332672, 0, 0, 0, 0, 0, 0, 0, 0, 0, 0, 0, 0, 0, 0, 64);
REPLACE INTO `creature_spawns` VALUES (711126, 28366, 571, 5164, 2723.62, 439.844, 4.73907, 0, 27101, 1732, 0, 50332672, 0, 0, 0, 0, 0, 0, 0, 0, 0, 0, 0, 0, 0, 0, 128);
REPLACE INTO `creature_spawns` VALUES (711125, 28366, 571, 5255.01, 2631.98, 439.755, 3.15257, 0, 27101, 1732, 0, 50332672, 0, 0, 0, 0, 0, 0, 0, 0, 0, 0, 0, 0, 0, 0, 128);
REPLACE INTO `creature_spawns` VALUES (711124, 28366, 571, 5278.21, 2607.23, 439.755, 4.71944, 0, 27101, 1732, 0, 50332672, 0, 0, 0, 0, 0, 0, 0, 0, 0, 0, 0, 0, 0, 0, 128);
REPLACE INTO `creature_spawns` VALUES (711123, 28366, 571, 5390.95, 2615.5, 421.126, 4.6409, 0, 27101, 1732, 0, 50332672, 0, 0, 0, 0, 0, 0, 0, 0, 0, 0, 0, 0, 0, 0, 128);
REPLACE INTO `creature_spawns` VALUES (711122, 28366, 571, 5350.87, 2616.03, 421.243, 4.72729, 0, 27101, 1732, 0, 50332672, 0, 0, 0, 0, 0, 0, 0, 0, 0, 0, 0, 0, 0, 0, 128);
REPLACE INTO `creature_spawns` VALUES (711121, 28366, 571, 5265.02, 2704.63, 421.7, 3.12507, 0, 27101, 1732, 0, 50332672, 0, 0, 0, 0, 0, 0, 0, 0, 0, 0, 0, 0, 0, 0, 128);
REPLACE INTO `creature_spawns` VALUES (711120, 28366, 571, 5236.2, 2732.68, 421.649, 4.72336, 0, 27101, 1732, 0, 50332672, 0, 0, 0, 0, 0, 0, 0, 0, 0, 0, 0, 0, 0, 0, 128);
REPLACE INTO `creature_spawns` VALUES (711119, 28366, 571, 5363.78, 2756.77, 421.629, 4.78226, 0, 27101, 1732, 0, 50332672, 0, 0, 0, 0, 0, 0, 0, 0, 0, 0, 0, 0, 0, 0, 128);
REPLACE INTO `creature_spawns` VALUES (711118, 28366, 571, 5322.16, 2756.69, 421.646, 4.69978, 0, 27101, 1732, 0, 50332672, 0, 0, 0, 0, 0, 0, 0, 0, 0, 0, 0, 0, 0, 0, 128);
REPLACE INTO `creature_spawns` VALUES (711117, 28366, 571, 5264.68, 2819.78, 421.656, 3.15645, 0, 27101, 1732, 0, 50332672, 0, 0, 0, 0, 0, 0, 0, 0, 0, 0, 0, 0, 0, 0, 128);
REPLACE INTO `creature_spawns` VALUES (711116, 28366, 571, 5264.04, 2861.34, 421.587, 3.21142, 0, 27101, 1732, 0, 50332672, 0, 0, 0, 0, 0, 0, 0, 0, 0, 0, 0, 0, 0, 0, 128);
REPLACE INTO `creature_spawns` VALUES (711115, 28366, 571, 5363.82, 2923.87, 421.709, 1.60527, 0, 27101, 1732, 0, 50332672, 0, 0, 0, 0, 0, 0, 0, 0, 0, 0, 0, 0, 0, 0, 128);
REPLACE INTO `creature_spawns` VALUES (711114, 28366, 571, 5323.05, 2923.7, 421.645, 1.5817, 0, 27101, 1732, 0, 50332672, 0, 0, 0, 0, 0, 0, 0, 0, 0, 0, 0, 0, 0, 0, 128);
REPLACE INTO `creature_spawns` VALUES (711113, 28366, 571, 5234.86, 2948.8, 420.88, 1.61311, 0, 27101, 1732, 0, 50332672, 0, 0, 0, 0, 0, 0, 0, 0, 0, 0, 0, 0, 0, 0, 128);
REPLACE INTO `creature_spawns` VALUES (711112, 28366, 571, 5266.75, 2976.5, 421.067, 3.20354, 0, 27101, 1732, 0, 50332672, 0, 0, 0, 0, 0, 0, 0, 0, 0, 0, 0, 0, 0, 0, 128);
REPLACE INTO `creature_spawns` VALUES (711111, 28366, 571, 5391.19, 3060.8, 419.616, 1.69557, 0, 27101, 1732, 0, 50332672, 0, 0, 0, 0, 0, 0, 0, 0, 0, 0, 0, 0, 0, 0, 128);
REPLACE INTO `creature_spawns` VALUES (711110, 28366, 571, 5280.9, 3071.32, 438.499, 1.62879, 0, 27101, 1732, 0, 50332672, 0, 0, 0, 0, 0, 0, 0, 0, 0, 0, 0, 0, 0, 0, 128);
REPLACE INTO `creature_spawns` VALUES (711109, 28366, 571, 5255.88, 3047.63, 438.499, 3.13677, 0, 27101, 1732, 0, 50332672, 0, 0, 0, 0, 0, 0, 0, 0, 0, 0, 0, 0, 0, 0, 128);
REPLACE INTO `creature_spawns` VALUES (711108, 28366, 571, 5139.69, 2747.4, 439.844, 3.17221, 0, 27101, 1732, 0, 50332672, 0, 0, 0, 0, 0, 0, 0, 0, 0, 0, 0, 0, 0, 0, 128);
REPLACE INTO `creature_spawns` VALUES (711107, 28366, 571, 5148.8, 2820.24, 421.621, 3.16043, 0, 27101, 1732, 0, 50332672, 0, 0, 0, 0, 0, 0, 0, 0, 0, 0, 0, 0, 0, 0, 128);
REPLACE INTO `creature_spawns` VALUES (711106, 28366, 571, 5147.98, 2861.93, 421.63, 3.18792, 0, 27101, 1732, 0, 50332672, 0, 0, 0, 0, 0, 0, 0, 0, 0, 0, 0, 0, 0, 0, 128);
REPLACE INTO `creature_spawns` VALUES (711105, 28366, 571, 5138.59, 2935.16, 439.845, 3.11723, 0, 27101, 1732, 0, 50332672, 0, 0, 0, 0, 0, 0, 0, 0, 0, 0, 0, 0, 0, 0, 128);
REPLACE INTO `creature_spawns` VALUES (711104, 28366, 571, 5163.06, 2959.52, 439.846, 1.47258, 0, 27101, 1732, 0, 50332672, 0, 0, 0, 0, 0, 0, 0, 0, 0, 0, 0, 0, 0, 0, 128);
REPLACE INTO `creature_spawns` VALUES (711103, 28366, 571, 5164, 2723.62, 439.844, 4.73907, 0, 27101, 1735, 0, 50332672, 0, 0, 0, 0, 0, 0, 0, 0, 0, 0, 0, 0, 0, 0, 64);
REPLACE INTO `creature_spawns` VALUES (711102, 28366, 571, 5255.01, 2631.98, 439.755, 3.15257, 0, 27101, 1735, 0, 50332672, 0, 0, 0, 0, 0, 0, 0, 0, 0, 0, 0, 0, 0, 0, 64);
REPLACE INTO `creature_spawns` VALUES (711101, 28366, 571, 5278.21, 2607.23, 439.755, 4.71944, 0, 27101, 1735, 0, 50332672, 0, 0, 0, 0, 0, 0, 0, 0, 0, 0, 0, 0, 0, 0, 64);
REPLACE INTO `creature_spawns` VALUES (711100, 28366, 571, 5390.95, 2615.5, 421.126, 4.6409, 0, 27101, 1735, 0, 50332672, 0, 0, 0, 0, 0, 0, 0, 0, 0, 0, 0, 0, 0, 0, 64);
REPLACE INTO `creature_spawns` VALUES (711099, 28366, 571, 5350.87, 2616.03, 421.243, 4.72729, 0, 27101, 1735, 0, 50332672, 0, 0, 0, 0, 0, 0, 0, 0, 0, 0, 0, 0, 0, 0, 64);
REPLACE INTO `creature_spawns` VALUES (711098, 28366, 571, 5265.02, 2704.63, 421.7, 3.12507, 0, 27101, 1735, 0, 50332672, 0, 0, 0, 0, 0, 0, 0, 0, 0, 0, 0, 0, 0, 0, 64);
REPLACE INTO `creature_spawns` VALUES (711097, 28366, 571, 5236.2, 2732.68, 421.649, 4.72336, 0, 27101, 1735, 0, 50332672, 0, 0, 0, 0, 0, 0, 0, 0, 0, 0, 0, 0, 0, 0, 64);
REPLACE INTO `creature_spawns` VALUES (711096, 28366, 571, 5363.78, 2756.77, 421.629, 4.78226, 0, 27101, 1735, 0, 50332672, 0, 0, 0, 0, 0, 0, 0, 0, 0, 0, 0, 0, 0, 0, 64);
REPLACE INTO `creature_spawns` VALUES (711095, 28366, 571, 5322.16, 2756.69, 421.646, 4.69978, 0, 27101, 1735, 0, 50332672, 0, 0, 0, 0, 0, 0, 0, 0, 0, 0, 0, 0, 0, 0, 64);
REPLACE INTO `creature_spawns` VALUES (711094, 28366, 571, 5264.68, 2819.78, 421.656, 3.15645, 0, 27101, 1735, 0, 50332672, 0, 0, 0, 0, 0, 0, 0, 0, 0, 0, 0, 0, 0, 0, 64);
REPLACE INTO `creature_spawns` VALUES (711093, 28366, 571, 5264.04, 2861.34, 421.587, 3.21142, 0, 27101, 1735, 0, 50332672, 0, 0, 0, 0, 0, 0, 0, 0, 0, 0, 0, 0, 0, 0, 64);
REPLACE INTO `creature_spawns` VALUES (711092, 28366, 571, 5363.82, 2923.87, 421.709, 1.60527, 0, 27101, 1735, 0, 50332672, 0, 0, 0, 0, 0, 0, 0, 0, 0, 0, 0, 0, 0, 0, 64);
REPLACE INTO `creature_spawns` VALUES (711091, 28366, 571, 5323.05, 2923.7, 421.645, 1.5817, 0, 27101, 1735, 0, 50332672, 0, 0, 0, 0, 0, 0, 0, 0, 0, 0, 0, 0, 0, 0, 64);
REPLACE INTO `creature_spawns` VALUES (711090, 28366, 571, 5234.86, 2948.8, 420.88, 1.61311, 0, 27101, 1735, 0, 50332672, 0, 0, 0, 0, 0, 0, 0, 0, 0, 0, 0, 0, 0, 0, 64);
REPLACE INTO `creature_spawns` VALUES (711089, 28366, 571, 5266.75, 2976.5, 421.067, 3.20354, 0, 27101, 1735, 0, 50332672, 0, 0, 0, 0, 0, 0, 0, 0, 0, 0, 0, 0, 0, 0, 64);
REPLACE INTO `creature_spawns` VALUES (711088, 28366, 571, 5391.19, 3060.8, 419.616, 1.69557, 0, 27101, 1735, 0, 50332672, 0, 0, 0, 0, 0, 0, 0, 0, 0, 0, 0, 0, 0, 0, 64);
REPLACE INTO `creature_spawns` VALUES (711087, 28366, 571, 5280.9, 3071.32, 438.499, 1.62879, 0, 27101, 1735, 0, 50332672, 0, 0, 0, 0, 0, 0, 0, 0, 0, 0, 0, 0, 0, 0, 64);
REPLACE INTO `creature_spawns` VALUES (711086, 28366, 571, 5255.88, 3047.63, 438.499, 3.13677, 0, 27101, 1735, 0, 50332672, 0, 0, 0, 0, 0, 0, 0, 0, 0, 0, 0, 0, 0, 0, 64);
REPLACE INTO `creature_spawns` VALUES (711085, 28366, 571, 5139.69, 2747.4, 439.844, 3.17221, 0, 27101, 1735, 0, 50332672, 0, 0, 0, 0, 0, 0, 0, 0, 0, 0, 0, 0, 0, 0, 64);
REPLACE INTO `creature_spawns` VALUES (711084, 28366, 571, 5148.8, 2820.24, 421.621, 3.16043, 0, 27101, 1735, 0, 50332672, 0, 0, 0, 0, 0, 0, 0, 0, 0, 0, 0, 0, 0, 0, 64);
REPLACE INTO `creature_spawns` VALUES (711083, 28366, 571, 5147.98, 2861.93, 421.63, 3.18792, 0, 27101, 1735, 0, 50332672, 0, 0, 0, 0, 0, 0, 0, 0, 0, 0, 0, 0, 0, 0, 64);
REPLACE INTO `creature_spawns` VALUES (711082, 28366, 571, 5138.59, 2935.16, 439.845, 3.11723, 0, 27101, 1735, 0, 50332672, 0, 0, 0, 0, 0, 0, 0, 0, 0, 0, 0, 0, 0, 0, 64);
REPLACE INTO `creature_spawns` VALUES (711081, 28366, 571, 5163.06, 2959.52, 439.846, 1.47258, 0, 27101, 1735, 0, 50332672, 0, 0, 0, 0, 0, 0, 0, 0, 0, 0, 0, 0, 0, 0, 64);
REPLACE INTO `creature_spawns` VALUES (711080, 28366, 571, 4537.38, 3599.53, 402.887, 3.99846, 0, 27101, 1735, 0, 50332672, 0, 0, 0, 0, 0, 0, 0, 0, 0, 0, 0, 0, 0, 0, 128);
REPLACE INTO `creature_spawns` VALUES (711079, 28366, 571, 4581.5, 3604.09, 402.887, 5.65172, 0, 27101, 1735, 0, 50332672, 0, 0, 0, 0, 0, 0, 0, 0, 0, 0, 0, 0, 0, 0, 128);
REPLACE INTO `creature_spawns` VALUES (711078, 28366, 571, 4469.45, 1966.62, 465.647, 1.15357, 0, 27101, 1735, 0, 50332672, 0, 0, 0, 0, 0, 0, 0, 0, 0, 0, 0, 0, 0, 0, 128);
REPLACE INTO `creature_spawns` VALUES (711077, 28366, 571, 4581.9, 3626.44, 426.539, 0.117806, 0, 27101, 1735, 0, 50332672, 0, 0, 0, 0, 0, 0, 0, 0, 0, 0, 0, 0, 0, 0, 128);
REPLACE INTO `creature_spawns` VALUES (711076, 28366, 571, 4421.64, 2799.94, 412.631, 5.4593, 0, 27101, 1735, 0, 50332672, 0, 0, 0, 0, 0, 0, 0, 0, 0, 0, 0, 0, 0, 0, 128);
REPLACE INTO `creature_spawns` VALUES (711075, 28366, 571, 4420.26, 2845.34, 412.631, 0.742197, 0, 27101, 1735, 0, 50332672, 0, 0, 0, 0, 0, 0, 0, 0, 0, 0, 0, 0, 0, 0, 128);
REPLACE INTO `creature_spawns` VALUES (711074, 28366, 571, 4423.43, 2822.76, 436.283, 6.22349, 0, 27101, 1735, 0, 50332672, 0, 0, 0, 0, 0, 0, 0, 0, 0, 0, 0, 0, 0, 0, 128);
REPLACE INTO `creature_spawns` VALUES (711073, 28366, 571, 4397.83, 2847.63, 436.283, 1.57943, 0, 27101, 1735, 0, 50332672, 0, 0, 0, 0, 0, 0, 0, 0, 0, 0, 0, 0, 0, 0, 128);
REPLACE INTO `creature_spawns` VALUES (711072, 28366, 571, 4398.81, 2797.27, 436.283, 4.70375, 0, 27101, 1735, 0, 50332672, 0, 0, 0, 0, 0, 0, 0, 0, 0, 0, 0, 0, 0, 0, 128);
REPLACE INTO `creature_spawns` VALUES (711071, 28366, 571, 4448.14, 1975, 441.996, 1.96724, 0, 27101, 1735, 0, 50332672, 0, 0, 0, 0, 0, 0, 0, 0, 0, 0, 0, 0, 0, 0, 128);
REPLACE INTO `creature_spawns` VALUES (711070, 28366, 571, 4448.71, 1955.15, 441.995, 0.380733, 0, 27101, 1735, 0, 50332672, 0, 0, 0, 0, 0, 0, 0, 0, 0, 0, 0, 0, 0, 0, 128);
REPLACE INTO `creature_spawns` VALUES (711069, 28366, 571, 4469.45, 1966.62, 465.647, 1.15357, 0, 27101, 1735, 0, 50332672, 0, 0, 0, 0, 0, 0, 0, 0, 0, 0, 0, 0, 0, 0, 128);
REPLACE INTO `creature_spawns` VALUES (711068, 28366, 571, 4482, 1933.66, 465.647, 5.87303, 0, 27101, 1735, 0, 50332672, 0, 0, 0, 0, 0, 0, 0, 0, 0, 0, 0, 0, 0, 0, 128);
REPLACE INTO `creature_spawns` VALUES (711067, 28366, 571, 4537.38, 3599.53, 402.887, 3.99846, 0, 27101, 1732, 0, 50332672, 0, 0, 0, 0, 0, 0, 0, 0, 0, 0, 0, 0, 0, 0, 64);
REPLACE INTO `creature_spawns` VALUES (711066, 28366, 571, 4581.5, 3604.09, 402.887, 5.65172, 0, 27101, 1732, 0, 50332672, 0, 0, 0, 0, 0, 0, 0, 0, 0, 0, 0, 0, 0, 0, 64);
REPLACE INTO `creature_spawns` VALUES (711065, 28366, 571, 4469.45, 1966.62, 465.647, 1.15357, 0, 27101, 1732, 0, 50332672, 0, 0, 0, 0, 0, 0, 0, 0, 0, 0, 0, 0, 0, 0, 64);
REPLACE INTO `creature_spawns` VALUES (711064, 28366, 571, 4581.9, 3626.44, 426.539, 0.117806, 0, 27101, 1732, 0, 50332672, 0, 0, 0, 0, 0, 0, 0, 0, 0, 0, 0, 0, 0, 0, 64);
REPLACE INTO `creature_spawns` VALUES (711063, 28366, 571, 4421.64, 2799.94, 412.631, 5.4593, 0, 27101, 1732, 0, 50332672, 0, 0, 0, 0, 0, 0, 0, 0, 0, 0, 0, 0, 0, 0, 64);
REPLACE INTO `creature_spawns` VALUES (711062, 28366, 571, 4420.26, 2845.34, 412.631, 0.742197, 0, 27101, 1732, 0, 50332672, 0, 0, 0, 0, 0, 0, 0, 0, 0, 0, 0, 0, 0, 0, 64);
REPLACE INTO `creature_spawns` VALUES (711061, 28366, 571, 4423.43, 2822.76, 436.283, 6.22349, 0, 27101, 1732, 0, 50332672, 0, 0, 0, 0, 0, 0, 0, 0, 0, 0, 0, 0, 0, 0, 64);
REPLACE INTO `creature_spawns` VALUES (711060, 28366, 571, 4397.83, 2847.63, 436.283, 1.57943, 0, 27101, 1732, 0, 50332672, 0, 0, 0, 0, 0, 0, 0, 0, 0, 0, 0, 0, 0, 0, 64);
REPLACE INTO `creature_spawns` VALUES (711059, 28366, 571, 4398.81, 2797.27, 436.283, 4.70375, 0, 27101, 1732, 0, 50332672, 0, 0, 0, 0, 0, 0, 0, 0, 0, 0, 0, 0, 0, 0, 64);
REPLACE INTO `creature_spawns` VALUES (711058, 28366, 571, 4448.14, 1975, 441.996, 1.96724, 0, 27101, 1732, 0, 50332672, 0, 0, 0, 0, 0, 0, 0, 0, 0, 0, 0, 0, 0, 0, 64);
REPLACE INTO `creature_spawns` VALUES (711057, 28366, 571, 4448.71, 1955.15, 441.995, 0.380733, 0, 27101, 1732, 0, 50332672, 0, 0, 0, 0, 0, 0, 0, 0, 0, 0, 0, 0, 0, 0, 64);
REPLACE INTO `creature_spawns` VALUES (711056, 28366, 571, 4469.45, 1966.62, 465.647, 1.15357, 0, 27101, 1732, 0, 50332672, 0, 0, 0, 0, 0, 0, 0, 0, 0, 0, 0, 0, 0, 0, 64);
REPLACE INTO `creature_spawns` VALUES (711055, 28366, 571, 4482, 1933.66, 465.647, 5.87303, 0, 27101, 1732, 0, 50332672, 0, 0, 0, 0, 0, 0, 0, 0, 0, 0, 0, 0, 0, 0, 64);
-- Valiance Expedition Champion
REPLACE INTO `creature_spawns` VALUES (711036, 30740, 571, 4697.75, 2855.13, 387.857, 0.219023, 0, 25949, 1891, 0, 16843008, 0, 257, 333, 0, 0, 0, 0, 0, 0, 0, 2178, 1203, 0, 0, 64);
REPLACE INTO `creature_spawns` VALUES (711035, 30740, 571, 4686.1, 2877.83, 387.427, 0.219023, 1, 25950, 1891, 0, 16777472, 0, 257, 333, 0, 0, 0, 0, 0, 0, 0, 2178, 1203, 0, 0, 64);
REPLACE INTO `creature_spawns` VALUES (711034, 30740, 571, 4689.69, 2878.61, 387.427, 3.35613, 0, 25949, 1891, 0, 16843008, 0, 257, 333, 0, 0, 0, 0, 0, 0, 0, 2178, 1203, 0, 0, 128);
REPLACE INTO `creature_spawns` VALUES (711033, 30740, 571, 4700.59, 2855.76, 387.874, -2.92258, 0, 25950, 1891, 0, 16777472, 0, 257, 333, 0, 0, 0, 0, 0, 0, 0, 2178, 1203, 0, 0, 128);
REPLACE INTO `creature_spawns` VALUES (711028, 30740, 571, 4677.92, 2412.38, 370.317, 0.226893, 0, 25950, 1891, 0, 16777472, 0, 257, 333, 0, 0, 0, 0, 0, 0, 0, 2178, 1203, 0, 0, 64);
REPLACE INTO `creature_spawns` VALUES (711027, 30740, 571, 4686.31, 2390.8, 370.008, 0.314159, 0, 25950, 1891, 0, 16843008, 0, 257, 333, 0, 0, 0, 0, 0, 0, 0, 2178, 1203, 0, 0, 64);
REPLACE INTO `creature_spawns` VALUES (711026, 30740, 571, 4681.43, 2413.4, 370.121, -2.85776, 0, 25950, 1891, 0, 16777472, 0, 257, 333, 0, 0, 0, 0, 0, 0, 0, 2178, 1203, 0, 0, 128);
REPLACE INTO `creature_spawns` VALUES (711025, 30740, 571, 4689.77, 2391.92, 369.509, -2.82934, 0, 25950, 1891, 0, 16777472, 0, 257, 333, 0, 0, 0, 0, 0, 0, 0, 2178, 1203, 0, 0, 128);
REPLACE INTO `creature_spawns` VALUES (711022, 30740, 571, 5316.77, 2619.43, 409.028, 5.36343, 0, 25948, 1891, 0, 16843008, 0, 257, 333, 0, 0, 0, 0, 0, 0, 0, 2178, 1203, 0, 0, 128);
REPLACE INTO `creature_spawns` VALUES (711021, 30740, 571, 5307.11, 2616.01, 409.096, 5.35558, 0, 25951, 1891, 0, 16777472, 0, 257, 333, 0, 0, 0, 0, 0, 0, 0, 2178, 1203, 0, 0, 128);
REPLACE INTO `creature_spawns` VALUES (711020, 30740, 571, 5264.96, 2662.33, 409.099, 2.59883, 0, 25949, 1891, 0, 16843008, 0, 257, 333, 0, 0, 0, 0, 0, 0, 0, 2178, 1203, 0, 0, 128);
REPLACE INTO `creature_spawns` VALUES (711019, 30740, 571, 5269.18, 2671.17, 409.099, 2.45746, 0, 25950, 1891, 0, 16777472, 0, 257, 333, 0, 0, 0, 0, 0, 0, 0, 2178, 1203, 0, 0, 128);
REPLACE INTO `creature_spawns` VALUES (711018, 30740, 571, 5202.13, 2737.57, 409.19, 5.37522, 0, 25948, 1891, 0, 16843008, 0, 257, 333, 0, 0, 0, 0, 0, 0, 0, 2178, 1203, 0, 0, 128);
REPLACE INTO `creature_spawns` VALUES (711017, 30740, 571, 5193.71, 2732.88, 409.19, 4.84507, 0, 25951, 1891, 0, 16777472, 0, 257, 333, 0, 0, 0, 0, 0, 0, 0, 2178, 1203, 0, 0, 128);
REPLACE INTO `creature_spawns` VALUES (711016, 30740, 571, 5150.07, 2777.88, 409.344, 2.7088, 0, 25949, 1891, 0, 16843008, 0, 257, 333, 0, 0, 0, 0, 0, 0, 0, 2178, 1203, 0, 0, 128);
REPLACE INTO `creature_spawns` VALUES (711015, 30740, 571, 5154.35, 2787.35, 409.25, 2.55564, 0, 25950, 1891, 0, 16777472, 0, 257, 333, 0, 0, 0, 0, 0, 0, 0, 2178, 1203, 0, 0, 128);
REPLACE INTO `creature_spawns` VALUES (711014, 30740, 571, 5153.36, 2895.5, 409.199, 3.54917, 0, 25948, 1891, 0, 16843008, 0, 257, 333, 0, 0, 0, 0, 0, 0, 0, 2178, 1203, 0, 0, 128);
REPLACE INTO `creature_spawns` VALUES (710938, 30740, 571, 5335.31, 2764.11, 409.275, 4.83456, 0, 25950, 1891, 0, 16777472, 0, 257, 333, 0, 0, 0, 0, 0, 0, 0, 2178, 1203, 0, 0, 128);
REPLACE INTO `creature_spawns` VALUES (710937, 30740, 571, 5391.85, 3031.49, 409.208, 3.17211, 0, 25951, 1891, 0, 16777472, 0, 257, 0, 0, 0, 0, 0, 0, 0, 0, 2178, 1203, 0, 0, 128);
REPLACE INTO `creature_spawns` VALUES (710936, 30740, 571, 5270.06, 2847.55, 409.275, 3.07178, 0, 25950, 1891, 0, 16777472, 0, 257, 333, 0, 0, 0, 0, 0, 0, 0, 2178, 1203, 0, 0, 128);
REPLACE INTO `creature_spawns` VALUES (711013, 30740, 571, 5148.12, 2904.76, 409.194, 3.36853, 0, 25951, 1891, 0, 16777472, 0, 257, 333, 0, 0, 0, 0, 0, 0, 0, 2178, 1203, 0, 0, 128);
REPLACE INTO `creature_spawns` VALUES (710935, 30740, 571, 5389.27, 2847.37, 418.759, 3.10669, 0, 25951, 1891, 0, 16777472, 0, 257, 333, 0, 0, 0, 0, 0, 0, 0, 2178, 1203, 0, 0, 128);
REPLACE INTO `creature_spawns` VALUES (710934, 30740, 571, 5349.81, 2763.63, 409.333, 4.66003, 0, 25948, 1891, 0, 16843008, 0, 257, 333, 0, 0, 0, 0, 0, 0, 0, 2178, 1203, 0, 0, 128);
REPLACE INTO `creature_spawns` VALUES (710933, 30740, 571, 5335.12, 2916.8, 409.444, 1.50098, 0, 25950, 1891, 0, 16777472, 0, 257, 333, 0, 0, 0, 0, 0, 0, 0, 2178, 1203, 0, 0, 128);
REPLACE INTO `creature_spawns` VALUES (710932, 30740, 571, 5391.76, 2651.9, 409.126, 3.09215, 0, 25951, 1891, 0, 16777472, 0, 257, 0, 0, 0, 0, 0, 0, 0, 0, 2178, 1203, 0, 0, 128);
REPLACE INTO `creature_spawns` VALUES (710931, 30740, 571, 5368.71, 2856.36, 409.323, 2.94961, 0, 25950, 1891, 0, 16777472, 0, 257, 333, 0, 0, 0, 0, 0, 0, 0, 2178, 1203, 0, 0, 128);
REPLACE INTO `creature_spawns` VALUES (710930, 30740, 571, 5367.91, 2826.52, 409.323, 3.33358, 0, 25951, 1891, 0, 16777472, 0, 257, 333, 0, 0, 0, 0, 0, 0, 0, 2178, 1203, 0, 0, 128);
REPLACE INTO `creature_spawns` VALUES (710929, 30740, 571, 5350.68, 2917.01, 409.275, 1.46608, 0, 25949, 1891, 0, 16843008, 0, 257, 333, 0, 0, 0, 0, 0, 0, 0, 2178, 1203, 0, 0, 128);
REPLACE INTO `creature_spawns` VALUES (710928, 30740, 571, 4333.55, 2333.91, 376.156, 4.2586, 0, 25951, 1891, 0, 16777472, 0, 257, 333, 0, 0, 0, 0, 0, 0, 0, 2178, 1203, 0, 0, 64);
REPLACE INTO `creature_spawns` VALUES (710927, 30740, 571, 4382.5, 3369, 366.939, 1.3387, 0, 25949, 1891, 0, 16843008, 0, 257, 0, 0, 0, 0, 0, 0, 0, 0, 2178, 1203, 0, 0, 32);
REPLACE INTO `creature_spawns` VALUES (710926, 30740, 571, 4407.29, 2825.11, 436.283, 5.79104, 2, 25948, 1891, 0, 16843008, 0, 257, 0, 0, 0, 0, 0, 0, 0, 0, 2178, 1203, 0, 0, 64);
REPLACE INTO `creature_spawns` VALUES (710925, 30740, 571, 4413.56, 2343.27, 373.607, 5.87274, 0, 25948, 1891, 0, 16843008, 0, 257, 0, 0, 0, 0, 0, 0, 0, 0, 2178, 1203, 0, 0, 32);
REPLACE INTO `creature_spawns` VALUES (710924, 30740, 571, 4436.25, 1933.86, 439.295, 4.84563, 2, 25949, 1891, 0, 16777472, 0, 257, 0, 0, 0, 0, 0, 0, 0, 0, 2178, 1203, 0, 0, 64);
REPLACE INTO `creature_spawns` VALUES (710923, 30740, 571, 4362.09, 2811.51, 407.337, 3.19395, 0, 25949, 1891, 0, 16777472, 0, 257, 333, 0, 0, 0, 0, 0, 0, 0, 2178, 1203, 0, 0, 64);
REPLACE INTO `creature_spawns` VALUES (710922, 30740, 571, 4455.77, 1935.89, 465.647, 5.40895, 2, 25948, 1891, 0, 16843008, 0, 257, 0, 0, 0, 0, 0, 0, 0, 0, 2178, 1203, 0, 0, 64);
REPLACE INTO `creature_spawns` VALUES (710921, 30740, 571, 4412.29, 2753.79, 401.015, 5.8294, 0, 25950, 1891, 0, 16777472, 0, 257, 333, 0, 0, 0, 0, 0, 0, 0, 2178, 1203, 0, 0, 64);
REPLACE INTO `creature_spawns` VALUES (711044, 30740, 571, 4780.26, 3303.49, 365.638, 3.15052, 0, 25949, 1891, 0, 16843008, 0, 257, 333, 0, 0, 0, 0, 0, 0, 0, 2178, 1203, 0, 0, 128);
REPLACE INTO `creature_spawns` VALUES (711043, 30740, 571, 4781.71, 3275.76, 365.884, 3.01123, 0, 25951, 1891, 0, 16777472, 0, 257, 333, 0, 0, 0, 0, 0, 0, 0, 2178, 1203, 0, 0, 128);
REPLACE INTO `creature_spawns` VALUES (711042, 30740, 571, 4778.55, 3276.17, 365.865, -0.130337, 0, 25951, 1891, 0, 16777472, 0, 257, 333, 0, 0, 0, 0, 0, 0, 0, 2178, 1203, 0, 0, 64);
REPLACE INTO `creature_spawns` VALUES (711041, 30740, 571, 4778.59, 3303.48, 365.679, 6.13504, 1, 25949, 1891, 0, 16843008, 0, 257, 333, 0, 0, 0, 0, 0, 0, 0, 2178, 1203, 0, 0, 64);
REPLACE INTO `creature_spawns` VALUES (710920, 30740, 571, 4563.97, 3618.68, 426.539, 4.35607, 2, 25950, 1891, 0, 16777472, 0, 257, 0, 0, 0, 0, 0, 0, 0, 0, 2178, 1203, 0, 0, 64);
REPLACE INTO `creature_spawns` VALUES (710919, 30740, 571, 4421.94, 2773.19, 400.895, 5.70723, 0, 25949, 1891, 0, 16843008, 0, 257, 333, 0, 0, 0, 0, 0, 0, 0, 2178, 1203, 0, 0, 64);
REPLACE INTO `creature_spawns` VALUES (710918, 30740, 571, 4428.87, 1906.87, 432.648, 3.9968, 0, 25948, 1891, 0, 16843008, 0, 257, 333, 0, 0, 0, 0, 0, 0, 0, 2178, 1203, 0, 0, 64);
REPLACE INTO `creature_spawns` VALUES (710917, 30740, 571, 4494.58, 1943.76, 435.627, 6.19592, 0, 25949, 1891, 0, 16843008, 0, 257, 333, 0, 0, 0, 0, 0, 0, 0, 2178, 1203, 0, 0, 64);
REPLACE INTO `creature_spawns` VALUES (710916, 30740, 571, 4501.06, 1990.28, 431.157, 1.02974, 0, 25949, 1891, 0, 16843008, 0, 257, 333, 0, 0, 0, 0, 0, 0, 0, 2178, 1203, 0, 0, 64);
REPLACE INTO `creature_spawns` VALUES (710915, 30740, 571, 4450.15, 1897.58, 435.045, 4.39823, 0, 25948, 1891, 0, 16843008, 0, 257, 333, 0, 0, 0, 0, 0, 0, 0, 2178, 1203, 0, 0, 64);
REPLACE INTO `creature_spawns` VALUES (710914, 30740, 571, 4463.83, 2015.18, 430.3, 1.43117, 0, 25951, 1891, 0, 16777472, 0, 257, 333, 0, 0, 0, 0, 0, 0, 0, 2178, 1203, 0, 0, 64);
REPLACE INTO `creature_spawns` VALUES (710913, 30740, 571, 4380.37, 3243.97, 371.598, 4.77539, 0, 25951, 1891, 0, 16777472, 0, 257, 0, 0, 0, 0, 0, 0, 0, 0, 2178, 1203, 0, 0, 32);
REPLACE INTO `creature_spawns` VALUES (710912, 30740, 571, 4454.78, 2835.49, 400.867, 0.034907, 0, 25951, 1891, 0, 16777472, 0, 257, 333, 0, 0, 0, 0, 0, 0, 0, 2178, 1203, 0, 0, 64);
REPLACE INTO `creature_spawns` VALUES (711012, 30740, 571, 5193.39, 2949.62, 409.191, 1.14586, 0, 25949, 1891, 0, 16843008, 0, 257, 333, 0, 0, 0, 0, 0, 0, 0, 2178, 1203, 0, 0, 128);
REPLACE INTO `creature_spawns` VALUES (711011, 30740, 571, 5201.41, 2945.1, 409.191, 0.945592, 0, 25950, 1891, 0, 16777472, 0, 257, 333, 0, 0, 0, 0, 0, 0, 0, 2178, 1203, 0, 0, 128);
REPLACE INTO `creature_spawns` VALUES (711010, 30740, 571, 5269.1, 3008.32, 408.826, 3.84371, 0, 25948, 1891, 0, 16843008, 0, 257, 333, 0, 0, 0, 0, 0, 0, 0, 2178, 1203, 0, 0, 128);
REPLACE INTO `creature_spawns` VALUES (711009, 30740, 571, 5264.71, 3017.28, 408.48, 3.48242, 0, 25951, 1891, 0, 16777472, 0, 257, 333, 0, 0, 0, 0, 0, 0, 0, 2178, 1203, 0, 0, 128);
REPLACE INTO `creature_spawns` VALUES (711008, 30740, 571, 5311.61, 3061.21, 408.734, 0.965223, 0, 25949, 1891, 0, 16843008, 0, 257, 333, 0, 0, 0, 0, 0, 0, 0, 2178, 1203, 0, 0, 128);
REPLACE INTO `creature_spawns` VALUES (710911, 30740, 571, 4452.86, 2808.87, 402.604, 6.05629, 0, 25951, 1891, 0, 16777472, 0, 257, 333, 0, 0, 0, 0, 0, 0, 0, 2178, 1203, 0, 0, 64);
REPLACE INTO `creature_spawns` VALUES (711052, 30740, 571, 4868.76, 2901.01, 374.885, 3.21141, 0, 25950, 1891, 0, 16777472, 0, 257, 333, 0, 0, 0, 0, 0, 0, 0, 2178, 1203, 0, 0, 128);
REPLACE INTO `creature_spawns` VALUES (710942, 30740, 571, 5179.11, 2837.13, 409.275, 3.21141, 0, 25951, 1891, 0, 16777472, 0, 257, 333, 0, 0, 0, 0, 0, 0, 0, 2178, 1203, 0, 0, 128);
REPLACE INTO `creature_spawns` VALUES (710941, 30740, 571, 5179.67, 2846.6, 409.275, 3.08923, 0, 25949, 1891, 0, 16843008, 0, 257, 333, 0, 0, 0, 0, 0, 0, 0, 2178, 1203, 0, 0, 128);
REPLACE INTO `creature_spawns` VALUES (711007, 30740, 571, 5319.21, 3055.95, 409.177, 1.0202, 0, 25950, 1891, 0, 16777472, 0, 257, 333, 0, 0, 0, 0, 0, 0, 0, 2178, 1203, 0, 0, 128);
REPLACE INTO `creature_spawns` VALUES (710940, 30740, 571, 5388.56, 2834.77, 418.759, 3.07178, 0, 25950, 1891, 0, 16777472, 0, 257, 333, 0, 0, 0, 0, 0, 0, 0, 2178, 1203, 0, 0, 128);
REPLACE INTO `creature_spawns` VALUES (710939, 30740, 571, 5270.16, 2833.48, 409.275, 3.12414, 0, 25951, 1891, 0, 16777472, 0, 257, 333, 0, 0, 0, 0, 0, 0, 0, 2178, 1203, 0, 0, 128);
REPLACE INTO `creature_spawns` VALUES (711051, 30740, 571, 4867.99, 2884.67, 375.234, 3.0013, 0, 25950, 1891, 0, 16777472, 0, 257, 333, 0, 0, 0, 0, 0, 0, 0, 2178, 1203, 0, 0, 128);
REPLACE INTO `creature_spawns` VALUES (711050, 30740, 571, 4865.72, 2900.92, 374.541, 6.19592, 0, 25949, 1891, 0, 16843008, 0, 257, 333, 0, 0, 0, 0, 0, 0, 0, 2178, 1203, 0, 0, 64);
REPLACE INTO `creature_spawns` VALUES (711049, 30740, 571, 4864.39, 2885.18, 374.794, 6.16101, 0, 25950, 1891, 0, 16777472, 0, 257, 333, 0, 0, 0, 0, 0, 0, 0, 2178, 1203, 0, 0, 64);
REPLACE INTO `creature_spawns` VALUES (711201, 30740, 571, 4408.76, 2344.91, 374.635, 6.16066, 0, 25950, 1891, 0, 16843008, 0, 257, 0, 0, 0, 0, 0, 0, 0, 0, 2178, 1203, 0, 0, 32);
REPLACE INTO `creature_spawns` VALUES (710990, 30740, 571, 4323.78, 3287.1, 378.895, 2.86234, 0, 25950, 1891, 0, 16777472, 0, 257, 333, 0, 0, 0, 0, 0, 0, 0, 2178, 1203, 0, 0, 32);
REPLACE INTO `creature_spawns` VALUES (710989, 30740, 571, 4349.12, 2299.28, 374.743, 4.90438, 0, 25949, 1891, 0, 16843008, 0, 257, 333, 0, 0, 0, 0, 0, 0, 0, 2178, 1203, 0, 0, 32);
REPLACE INTO `creature_spawns` VALUES (710988, 30740, 571, 4349.54, 2411.26, 374.743, 2.05949, 0, 25950, 1891, 0, 16777472, 0, 257, 333, 0, 0, 0, 0, 0, 0, 0, 2178, 1203, 0, 0, 32);
REPLACE INTO `creature_spawns` VALUES (710987, 30740, 571, 4425.29, 3291.51, 370.774, 0.122173, 0, 25949, 1891, 0, 16843008, 0, 257, 333, 0, 0, 0, 0, 0, 0, 0, 2178, 1203, 0, 0, 32);
REPLACE INTO `creature_spawns` VALUES (710986, 30740, 571, 4366.98, 3233.56, 371.585, 4.93928, 0, 25951, 1891, 0, 16777472, 0, 257, 333, 0, 0, 0, 0, 0, 0, 0, 2178, 1203, 0, 0, 32);
REPLACE INTO `creature_spawns` VALUES (710985, 30740, 571, 4394.66, 3231.99, 369.722, 4.62512, 0, 25949, 1891, 0, 16843008, 0, 257, 333, 0, 0, 0, 0, 0, 0, 0, 2178, 1203, 0, 0, 32);
REPLACE INTO `creature_spawns` VALUES (710984, 30740, 571, 4391.67, 2300.61, 374.743, 4.92183, 0, 25951, 1891, 0, 16777472, 0, 257, 333, 0, 0, 0, 0, 0, 0, 0, 2178, 1203, 0, 0, 32);
REPLACE INTO `creature_spawns` VALUES (710983, 30740, 571, 4413.43, 2393.45, 376.36, 1.06465, 0, 25951, 1891, 0, 16777472, 0, 257, 333, 0, 0, 0, 0, 0, 0, 0, 2178, 1203, 0, 0, 32);
REPLACE INTO `creature_spawns` VALUES (710982, 30740, 571, 4392.4, 3354.61, 369.598, 1.5708, 0, 25949, 1891, 0, 16843008, 0, 257, 333, 0, 0, 0, 0, 0, 0, 0, 2178, 1203, 0, 0, 32);
REPLACE INTO `creature_spawns` VALUES (710981, 30740, 571, 4337.03, 3261.66, 373.525, 3.26377, 0, 25948, 1891, 0, 16843008, 0, 257, 333, 0, 0, 0, 0, 0, 0, 0, 2178, 1203, 0, 0, 32);
REPLACE INTO `creature_spawns` VALUES (710980, 30740, 571, 4417.92, 2331.24, 370.919, 5.84685, 0, 25950, 1891, 0, 16777472, 0, 257, 333, 0, 0, 0, 0, 0, 0, 0, 2178, 1203, 0, 0, 32);
REPLACE INTO `creature_spawns` VALUES (710979, 30740, 571, 4424.61, 3321.1, 369.801, 0.034907, 0, 25949, 1891, 0, 16843008, 0, 257, 333, 0, 0, 0, 0, 0, 0, 0, 2178, 1203, 0, 0, 32);
REPLACE INTO `creature_spawns` VALUES (710978, 30740, 571, 4388.13, 2411.98, 374.743, 1.64061, 0, 25950, 1891, 0, 16777472, 0, 257, 333, 0, 0, 0, 0, 0, 0, 0, 2178, 1203, 0, 0, 32);
REPLACE INTO `creature_spawns` VALUES (710977, 30740, 571, 4370.98, 3355.02, 371.197, 1.67552, 0, 25950, 1891, 0, 16777472, 0, 257, 333, 0, 0, 0, 0, 0, 0, 0, 2178, 1203, 0, 0, 32);
REPLACE INTO `creature_spawns` VALUES (710976, 30740, 571, 4418.61, 2355.29, 372.491, 6.02139, 0, 25949, 1891, 0, 16843008, 0, 257, 333, 0, 0, 0, 0, 0, 0, 0, 2178, 1203, 0, 0, 32);
REPLACE INTO `creature_spawns` VALUES (711169, 30740, 571, 4490.98, 1917.81, 434.616, 5.8709, 0, 25948, 1891, 0, 16843008, 0, 257, 333, 0, 0, 0, 0, 0, 0, 0, 2178, 1203, 0, 0, 64);
REPLACE INTO `creature_spawns` VALUES (711170, 30740, 571, 4416.47, 1952.58, 434.61, 2.8267, 0, 25950, 1891, 0, 16777472, 0, 257, 333, 0, 0, 0, 0, 0, 0, 0, 2178, 1203, 0, 0, 64);
REPLACE INTO `creature_spawns` VALUES (711171, 30740, 571, 4426.01, 1970.91, 434.503, 2.62407, 0, 25948, 1891, 0, 16843008, 0, 257, 333, 0, 0, 0, 0, 0, 0, 0, 2178, 1203, 0, 0, 64);
REPLACE INTO `creature_spawns` VALUES (711172, 30740, 571, 4361.06, 2832.41, 407.528, 3.11227, 0, 25950, 1891, 0, 16777472, 0, 257, 333, 0, 0, 0, 0, 0, 0, 0, 2178, 1203, 0, 0, 64);
REPLACE INTO `creature_spawns` VALUES (711173, 30740, 571, 4386.32, 2872.9, 401.293, 1.33605, 0, 25950, 1891, 0, 16777472, 0, 257, 333, 0, 0, 0, 0, 0, 0, 0, 2178, 1203, 0, 0, 64);
REPLACE INTO `creature_spawns` VALUES (711174, 30740, 571, 4413.54, 2874.33, 401.453, 1.64706, 0, 25948, 1891, 0, 16843008, 0, 257, 333, 0, 0, 0, 0, 0, 0, 0, 2178, 1203, 0, 0, 64);
REPLACE INTO `creature_spawns` VALUES (711175, 30740, 571, 4508.04, 3598.51, 392.914, 3.59502, 0, 25950, 1891, 0, 16777472, 0, 257, 333, 0, 0, 0, 0, 0, 0, 0, 2178, 1203, 0, 0, 64);
REPLACE INTO `creature_spawns` VALUES (711176, 30740, 571, 4494.27, 3627.88, 392.123, 3.83541, 0, 25949, 1891, 0, 16843008, 0, 257, 333, 0, 0, 0, 0, 0, 0, 0, 2178, 1203, 0, 0, 64);
REPLACE INTO `creature_spawns` VALUES (711177, 30740, 571, 4543.52, 3579.03, 394.963, 4.69621, 0, 25950, 1891, 0, 16777472, 0, 257, 333, 0, 0, 0, 0, 0, 0, 0, 2178, 1203, 0, 0, 64);
REPLACE INTO `creature_spawns` VALUES (711178, 30740, 571, 4582.13, 3577.71, 394.798, 4.66401, 0, 25951, 1891, 0, 16777472, 0, 257, 333, 0, 0, 0, 0, 0, 0, 0, 2178, 1203, 0, 0, 64);
REPLACE INTO `creature_spawns` VALUES (711179, 30740, 571, 4597.25, 3616.96, 397.506, 0.068576, 0, 25948, 1891, 0, 16843008, 0, 257, 333, 0, 0, 0, 0, 0, 0, 0, 2178, 1203, 0, 0, 64);
REPLACE INTO `creature_spawns` VALUES (711180, 30740, 571, 4594.52, 3639.12, 397.713, 0.220944, 0, 25951, 1891, 0, 16777472, 0, 257, 333, 0, 0, 0, 0, 0, 0, 0, 2178, 1203, 0, 0, 64);
REPLACE INTO `creature_spawns` VALUES (711181, 30740, 571, 4563.74, 3661.89, 397.856, 1.61581, 0, 25948, 1891, 0, 16843008, 0, 257, 333, 0, 0, 0, 0, 0, 0, 0, 2178, 1203, 0, 0, 64);
REPLACE INTO `creature_spawns` VALUES (711182, 30740, 571, 4542.66, 3660.07, 397.635, 1.65508, 0, 25949, 1891, 0, 16843008, 0, 257, 333, 0, 0, 0, 0, 0, 0, 0, 2178, 1203, 0, 0, 64);
REPLACE INTO `creature_spawns` VALUES (711185, 30740, 571, 5035.21, 3081.27, 368.581, 1.3596, 0, 25949, 1891, 0, 16843008, 0, 257, 333, 0, 0, 0, 0, 0, 0, 0, 2178, 1203, 0, 0, 64);
REPLACE INTO `creature_spawns` VALUES (711184, 30740, 571, 5051.18, 3079.1, 366.29, 1.42243, 0, 25951, 1891, 0, 16777472, 0, 257, 333, 0, 0, 0, 0, 0, 0, 0, 2178, 1203, 0, 0, 64);
REPLACE INTO `creature_spawns` VALUES (711186, 30740, 571, 5019.4, 2684.55, 365.159, 1.83355, 0, 25950, 1891, 0, 16777472, 0, 257, 333, 0, 0, 0, 0, 0, 0, 0, 2178, 1203, 0, 0, 64);
REPLACE INTO `creature_spawns` VALUES (711187, 30740, 571, 5002.53, 2680.34, 365.436, 1.62306, 0, 25949, 1891, 0, 16843008, 0, 257, 333, 0, 0, 0, 0, 0, 0, 0, 2178, 1203, 0, 0, 64);
REPLACE INTO `creature_spawns` VALUES (711196, 30740, 571, 5019.4, 2684.55, 365.159, 1.83355, 0, 25950, 1891, 0, 16777472, 0, 257, 333, 0, 0, 0, 0, 0, 0, 0, 2178, 1203, 0, 0, 128);
REPLACE INTO `creature_spawns` VALUES (711197, 30740, 571, 5002.53, 2680.34, 365.436, 1.62306, 0, 25949, 1891, 0, 16843008, 0, 257, 333, 0, 0, 0, 0, 0, 0, 0, 2178, 1203, 0, 0, 128);
REPLACE INTO `creature_spawns` VALUES (711198, 30740, 571, 5051.18, 3079.1, 366.29, 1.42243, 0, 25951, 1891, 0, 16777472, 0, 257, 333, 0, 0, 0, 0, 0, 0, 0, 2178, 1203, 0, 0, 128);
REPLACE INTO `creature_spawns` VALUES (711199, 30740, 571, 5035.21, 3081.27, 368.581, 1.3596, 0, 25949, 1891, 0, 16843008, 0, 257, 333, 0, 0, 0, 0, 0, 0, 0, 2178, 1203, 0, 0, 128);
REPLACE INTO `creature_spawns` VALUES (711204, 30740, 571, 4372.3, 2821.93, 409.931, 5.04049, 2, 25949, 1891, 0, 16843008, 0, 257, 0, 0, 0, 0, 0, 0, 0, 0, 2178, 1203, 0, 0, 64);
REPLACE INTO `creature_spawns` VALUES (711205, 30740, 571, 4554.51, 3650.41, 400.187, 3.58508, 2, 25948, 1891, 0, 16843008, 0, 257, 0, 0, 0, 0, 0, 0, 0, 0, 2178, 1203, 0, 0, 64);
-- Warsong Champion
REPLACE INTO `creature_spawns` VALUES (711040, 30739, 571, 4780.26, 3303.49, 365.638, 3.15052, 0, 24076, 1979, 0, 16843008, 0, 257, 375, 0, 0, 0, 0, 0, 0, 0, 14870, 0, 0, 0, 64);
REPLACE INTO `creature_spawns` VALUES (711039, 30739, 571, 4781.71, 3275.76, 365.884, 3.01123, 0, 24074, 1979, 0, 16777472, 0, 257, 375, 0, 0, 0, 0, 0, 0, 0, 14870, 0, 0, 0, 64);
REPLACE INTO `creature_spawns` VALUES (711038, 30739, 571, 4697.75, 2855.13, 387.857, 0.219023, 0, 24076, 1979, 0, 16843008, 0, 257, 375, 0, 0, 0, 0, 0, 0, 0, 14870, 0, 0, 0, 128);
REPLACE INTO `creature_spawns` VALUES (711037, 30739, 571, 4686.1, 2877.83, 387.427, 0.219023, 1, 24073, 1979, 0, 16777472, 0, 257, 375, 0, 0, 0, 0, 0, 0, 0, 14870, 0, 0, 0, 128);
REPLACE INTO `creature_spawns` VALUES (711032, 30739, 571, 4689.69, 2878.61, 387.427, 3.35613, 0, 24073, 1979, 0, 16777472, 0, 257, 375, 0, 0, 0, 0, 0, 0, 0, 14870, 0, 0, 0, 64);
REPLACE INTO `creature_spawns` VALUES (711031, 30739, 571, 4700.59, 2855.76, 387.874, -2.92258, 0, 24076, 1979, 0, 16843008, 0, 257, 375, 0, 0, 0, 0, 0, 0, 0, 14870, 0, 0, 0, 64);
REPLACE INTO `creature_spawns` VALUES (711030, 30739, 571, 4677.92, 2412.38, 370.317, 0.226893, 0, 24073, 1979, 0, 16777472, 0, 257, 375, 0, 0, 0, 0, 0, 0, 0, 14870, 0, 0, 0, 128);
REPLACE INTO `creature_spawns` VALUES (711029, 30739, 571, 4686.31, 2390.8, 370.008, 0.314159, 0, 24076, 1979, 0, 16843008, 0, 257, 375, 0, 0, 0, 0, 0, 0, 0, 14870, 0, 0, 0, 128);
REPLACE INTO `creature_spawns` VALUES (711024, 30739, 571, 4681.43, 2413.4, 370.121, -2.85776, 0, 24075, 1979, 0, 16843008, 0, 257, 375, 0, 0, 0, 0, 0, 0, 0, 14870, 0, 0, 0, 64);
REPLACE INTO `creature_spawns` VALUES (711023, 30739, 571, 4689.77, 2391.92, 369.509, -2.82934, 0, 24074, 1979, 0, 16777472, 0, 257, 375, 0, 0, 0, 0, 0, 0, 0, 14870, 0, 0, 0, 64);
REPLACE INTO `creature_spawns` VALUES (710961, 30739, 571, 4418.61, 2355.29, 372.491, 6.02139, 0, 24075, 1979, 0, 16843008, 0, 257, 375, 0, 0, 0, 0, 0, 0, 0, 14870, 0, 0, 0, 16);
REPLACE INTO `creature_spawns` VALUES (710960, 30739, 571, 4333.55, 2333.91, 376.156, 4.2586, 1, 24074, 1979, 0, 16777472, 0, 257, 375, 0, 0, 0, 0, 0, 0, 0, 14870, 0, 0, 0, 128);
REPLACE INTO `creature_spawns` VALUES (710959, 30739, 571, 4382.5, 3369, 366.939, 1.3387, 0, 24073, 1979, 0, 16843008, 0, 257, 0, 0, 0, 0, 0, 0, 0, 0, 14870, 0, 0, 0, 128);
REPLACE INTO `creature_spawns` VALUES (710958, 30739, 571, 4407.29, 2825.11, 436.283, 5.79104, 2, 24073, 1979, 0, 16843008, 0, 257, 0, 0, 0, 0, 0, 0, 0, 0, 14870, 0, 0, 0, 128);
REPLACE INTO `creature_spawns` VALUES (710957, 30739, 571, 4413.56, 2343.27, 373.607, 5.87274, 0, 24073, 1979, 0, 16843008, 0, 257, 375, 0, 0, 0, 0, 0, 0, 0, 14870, 0, 0, 0, 16);
REPLACE INTO `creature_spawns` VALUES (710956, 30739, 571, 4436.25, 1933.86, 439.295, 4.84563, 2, 24076, 1979, 0, 16843008, 0, 257, 0, 0, 0, 0, 0, 0, 0, 0, 14870, 0, 0, 0, 128);
REPLACE INTO `creature_spawns` VALUES (710955, 30739, 571, 4362.09, 2811.51, 407.337, 3.19395, 0, 24073, 1979, 0, 16843008, 0, 257, 375, 0, 0, 0, 0, 0, 0, 0, 14870, 0, 0, 0, 128);
REPLACE INTO `creature_spawns` VALUES (710954, 30739, 571, 4455.77, 1935.89, 465.647, 5.40895, 2, 24073, 1979, 0, 16843008, 0, 257, 0, 0, 0, 0, 0, 0, 0, 0, 14870, 0, 0, 0, 128);
REPLACE INTO `creature_spawns` VALUES (710953, 30739, 571, 4412.29, 2753.79, 401.015, 5.8294, 0, 24076, 1979, 0, 16777472, 0, 257, 375, 0, 0, 0, 0, 0, 0, 0, 14870, 0, 0, 0, 128);
REPLACE INTO `creature_spawns` VALUES (710952, 30739, 571, 4563.97, 3618.68, 426.539, 4.35607, 2, 24076, 1979, 0, 16777472, 0, 257, 0, 0, 0, 0, 0, 0, 0, 0, 14870, 0, 0, 0, 128);
REPLACE INTO `creature_spawns` VALUES (710951, 30739, 571, 4421.94, 2773.19, 400.895, 5.70723, 0, 24073, 1979, 0, 16843008, 0, 257, 375, 0, 0, 0, 0, 0, 0, 0, 14870, 0, 0, 0, 128);
REPLACE INTO `creature_spawns` VALUES (711046, 30739, 571, 4778.55, 3276.17, 365.865, -0.130337, 0, 24074, 1979, 0, 16777472, 0, 257, 375, 0, 0, 0, 0, 0, 0, 0, 14870, 0, 0, 0, 128);
REPLACE INTO `creature_spawns` VALUES (711045, 30739, 571, 4778.59, 3303.48, 365.679, 6.13504, 1, 24076, 1979, 0, 16843008, 0, 257, 375, 0, 0, 0, 0, 0, 0, 0, 14870, 0, 0, 0, 128);
REPLACE INTO `creature_spawns` VALUES (711047, 30739, 571, 4867.99, 2884.67, 375.234, 3.0013, 0, 24073, 1979, 0, 16777472, 0, 257, 375, 0, 0, 0, 0, 0, 0, 0, 14870, 0, 0, 0, 64);
REPLACE INTO `creature_spawns` VALUES (710950, 30739, 571, 4428.87, 1906.87, 432.648, 3.9968, 0, 24073, 1979, 0, 16843008, 0, 257, 375, 0, 0, 0, 0, 0, 0, 0, 14870, 0, 0, 0, 128);
REPLACE INTO `creature_spawns` VALUES (710949, 30739, 571, 4494.58, 1943.76, 435.627, 6.19592, 0, 24076, 1979, 0, 16843008, 0, 257, 375, 0, 0, 0, 0, 0, 0, 0, 14870, 0, 0, 0, 128);
REPLACE INTO `creature_spawns` VALUES (710948, 30739, 571, 4501.06, 1990.28, 431.157, 1.02974, 0, 24076, 1979, 0, 16843008, 0, 257, 375, 0, 0, 0, 0, 0, 0, 0, 14870, 0, 0, 0, 128);
REPLACE INTO `creature_spawns` VALUES (710947, 30739, 571, 4450.15, 1897.58, 435.045, 4.39823, 0, 24073, 1979, 0, 16843008, 0, 257, 375, 0, 0, 0, 0, 0, 0, 0, 14870, 0, 0, 0, 128);
REPLACE INTO `creature_spawns` VALUES (710946, 30739, 571, 4463.83, 2015.18, 430.3, 1.43117, 0, 24075, 1979, 0, 16777472, 0, 257, 375, 0, 0, 0, 0, 0, 0, 0, 14870, 0, 0, 0, 128);
REPLACE INTO `creature_spawns` VALUES (710945, 30739, 571, 4380.37, 3243.97, 371.598, 4.77539, 0, 24075, 1979, 0, 16777472, 0, 257, 0, 0, 0, 0, 0, 0, 0, 0, 14870, 0, 0, 0, 16);
REPLACE INTO `creature_spawns` VALUES (710944, 30739, 571, 4454.78, 2835.49, 400.867, 0.034907, 0, 24074, 1979, 0, 16777472, 0, 257, 375, 0, 0, 0, 0, 0, 0, 0, 14870, 0, 0, 0, 128);
REPLACE INTO `creature_spawns` VALUES (710943, 30739, 571, 4452.86, 2808.87, 402.604, 6.05629, 0, 24073, 1979, 0, 16777472, 0, 257, 375, 0, 0, 0, 0, 0, 0, 0, 14870, 0, 0, 0, 128);
REPLACE INTO `creature_spawns` VALUES (711054, 30739, 571, 4865.72, 2900.92, 374.541, 6.19592, 0, 24076, 1979, 0, 16843008, 0, 257, 375, 0, 0, 0, 0, 0, 0, 0, 14870, 0, 0, 0, 128);
REPLACE INTO `creature_spawns` VALUES (710910, 30739, 571, 5179.11, 2837.13, 409.275, 3.21141, 0, 24073, 1979, 0, 16777472, 0, 257, 375, 0, 0, 0, 0, 0, 0, 0, 14870, 0, 0, 0, 64);
REPLACE INTO `creature_spawns` VALUES (710909, 30739, 571, 5179.67, 2846.6, 409.275, 3.08923, 0, 24076, 1979, 0, 16843008, 0, 257, 375, 0, 0, 0, 0, 0, 0, 0, 14870, 0, 0, 0, 64);
REPLACE INTO `creature_spawns` VALUES (711053, 30739, 571, 4864.39, 2885.18, 374.794, 6.16101, 0, 24073, 1979, 0, 16777472, 0, 257, 375, 0, 0, 0, 0, 0, 0, 0, 14870, 0, 0, 0, 128);
REPLACE INTO `creature_spawns` VALUES (711006, 30739, 571, 5316.77, 2619.43, 409.028, 5.36343, 0, 24073, 1979, 0, 16777472, 0, 257, 375, 0, 0, 0, 0, 0, 0, 0, 14870, 0, 0, 0, 64);
REPLACE INTO `creature_spawns` VALUES (710908, 30739, 571, 5388.56, 2834.77, 418.759, 3.07178, 0, 24073, 1979, 0, 16777472, 0, 257, 375, 0, 0, 0, 0, 0, 0, 0, 14870, 0, 0, 0, 64);
REPLACE INTO `creature_spawns` VALUES (710907, 30739, 571, 5270.16, 2833.48, 409.275, 3.12414, 0, 24074, 1979, 0, 16777472, 0, 257, 375, 0, 0, 0, 0, 0, 0, 0, 14870, 0, 0, 0, 64);
REPLACE INTO `creature_spawns` VALUES (710906, 30739, 571, 5335.31, 2764.11, 409.275, 4.83456, 0, 24074, 1979, 0, 16777472, 0, 257, 375, 0, 0, 0, 0, 0, 0, 0, 14870, 0, 0, 0, 64);
REPLACE INTO `creature_spawns` VALUES (710905, 30739, 571, 5391.85, 3031.49, 409.208, 3.17211, 0, 24074, 1979, 0, 16777472, 0, 257, 0, 0, 0, 0, 0, 0, 0, 0, 14870, 0, 0, 0, 64);
REPLACE INTO `creature_spawns` VALUES (710904, 30739, 571, 5270.06, 2847.55, 409.275, 3.07178, 0, 24073, 1979, 0, 16777472, 0, 257, 375, 0, 0, 0, 0, 0, 0, 0, 14870, 0, 0, 0, 64);
REPLACE INTO `creature_spawns` VALUES (710903, 30739, 571, 5389.27, 2847.37, 418.759, 3.10669, 0, 24073, 1979, 0, 16777472, 0, 257, 375, 0, 0, 0, 0, 0, 0, 0, 14870, 0, 0, 0, 64);
REPLACE INTO `creature_spawns` VALUES (710902, 30739, 571, 5349.81, 2763.63, 409.333, 4.66003, 0, 24075, 1979, 0, 16843008, 0, 257, 375, 0, 0, 0, 0, 0, 0, 0, 14870, 0, 0, 0, 64);
REPLACE INTO `creature_spawns` VALUES (710901, 30739, 571, 5335.12, 2916.8, 409.444, 1.50098, 0, 24073, 1979, 0, 16777472, 0, 257, 375, 0, 0, 0, 0, 0, 0, 0, 14870, 0, 0, 0, 64);
REPLACE INTO `creature_spawns` VALUES (710900, 30739, 571, 5391.76, 2651.9, 409.126, 3.09215, 0, 24073, 1979, 0, 16777472, 0, 257, 0, 0, 0, 0, 0, 0, 0, 0, 14870, 0, 0, 0, 64);
REPLACE INTO `creature_spawns` VALUES (710899, 30739, 571, 5368.71, 2856.36, 409.323, 2.94961, 0, 24073, 1979, 0, 16777472, 0, 257, 375, 0, 0, 0, 0, 0, 0, 0, 14870, 0, 0, 0, 64);
REPLACE INTO `creature_spawns` VALUES (710898, 30739, 571, 5367.91, 2826.52, 409.323, 3.33358, 0, 24074, 1979, 0, 16777472, 0, 257, 375, 0, 0, 0, 0, 0, 0, 0, 14870, 0, 0, 0, 64);
REPLACE INTO `creature_spawns` VALUES (710897, 30739, 571, 5350.68, 2917.01, 409.275, 1.46608, 0, 24075, 1979, 0, 16843008, 0, 257, 375, 0, 0, 0, 0, 0, 0, 0, 14870, 0, 0, 0, 64);
REPLACE INTO `creature_spawns` VALUES (711005, 30739, 571, 5307.11, 2616.01, 409.096, 5.35558, 0, 24076, 1979, 0, 16843008, 0, 257, 375, 0, 0, 0, 0, 0, 0, 0, 14870, 0, 0, 0, 64);
REPLACE INTO `creature_spawns` VALUES (711004, 30739, 571, 5264.96, 2662.33, 409.099, 2.59883, 0, 24074, 1979, 0, 16777472, 0, 257, 375, 0, 0, 0, 0, 0, 0, 0, 14870, 0, 0, 0, 64);
REPLACE INTO `creature_spawns` VALUES (711003, 30739, 571, 5269.18, 2671.17, 409.099, 2.45746, 0, 24075, 1979, 0, 16843008, 0, 257, 375, 0, 0, 0, 0, 0, 0, 0, 14870, 0, 0, 0, 64);
REPLACE INTO `creature_spawns` VALUES (711002, 30739, 571, 5202.13, 2737.57, 409.19, 5.37522, 0, 24073, 1979, 0, 16777472, 0, 257, 375, 0, 0, 0, 0, 0, 0, 0, 14870, 0, 0, 0, 64);
REPLACE INTO `creature_spawns` VALUES (711001, 30739, 571, 5193.71, 2732.88, 409.19, 4.84507, 0, 24076, 1979, 0, 16843008, 0, 257, 375, 0, 0, 0, 0, 0, 0, 0, 14870, 0, 0, 0, 64);
REPLACE INTO `creature_spawns` VALUES (711000, 30739, 571, 5150.07, 2777.88, 409.344, 2.7088, 0, 24074, 1979, 0, 16777472, 0, 257, 375, 0, 0, 0, 0, 0, 0, 0, 14870, 0, 0, 0, 64);
REPLACE INTO `creature_spawns` VALUES (710999, 30739, 571, 5154.35, 2787.35, 409.25, 2.55564, 0, 24075, 1979, 0, 16843008, 0, 257, 375, 0, 0, 0, 0, 0, 0, 0, 14870, 0, 0, 0, 64);
REPLACE INTO `creature_spawns` VALUES (710998, 30739, 571, 5153.36, 2895.5, 409.199, 3.54917, 0, 24073, 1979, 0, 16777472, 0, 257, 375, 0, 0, 0, 0, 0, 0, 0, 14870, 0, 0, 0, 64);
REPLACE INTO `creature_spawns` VALUES (710997, 30739, 571, 5148.12, 2904.76, 409.194, 3.36853, 0, 24076, 1979, 0, 16843008, 0, 257, 375, 0, 0, 0, 0, 0, 0, 0, 14870, 0, 0, 0, 64);
REPLACE INTO `creature_spawns` VALUES (710996, 30739, 571, 5193.39, 2949.62, 409.191, 1.14586, 0, 24074, 1979, 0, 16777472, 0, 257, 375, 0, 0, 0, 0, 0, 0, 0, 14870, 0, 0, 0, 64);
REPLACE INTO `creature_spawns` VALUES (710995, 30739, 571, 5201.41, 2945.1, 409.191, 0.945592, 0, 24075, 1979, 0, 16843008, 0, 257, 375, 0, 0, 0, 0, 0, 0, 0, 14870, 0, 0, 0, 64);
REPLACE INTO `creature_spawns` VALUES (710994, 30739, 571, 5269.1, 3008.32, 408.826, 3.84371, 0, 24073, 1979, 0, 16777472, 0, 257, 375, 0, 0, 0, 0, 0, 0, 0, 14870, 0, 0, 0, 64);
REPLACE INTO `creature_spawns` VALUES (710993, 30739, 571, 5264.71, 3017.28, 408.48, 3.48242, 0, 24076, 1979, 0, 16843008, 0, 257, 375, 0, 0, 0, 0, 0, 0, 0, 14870, 0, 0, 0, 64);
REPLACE INTO `creature_spawns` VALUES (710992, 30739, 571, 5311.61, 3061.21, 408.734, 0.965223, 0, 24074, 1979, 0, 16777472, 0, 257, 375, 0, 0, 0, 0, 0, 0, 0, 14870, 0, 0, 0, 64);
REPLACE INTO `creature_spawns` VALUES (710991, 30739, 571, 5319.21, 3055.95, 409.177, 1.0202, 0, 24075, 1979, 0, 16843008, 0, 257, 375, 0, 0, 0, 0, 0, 0, 0, 14870, 0, 0, 0, 64);
REPLACE INTO `creature_spawns` VALUES (710975, 30739, 571, 4392.4, 3354.61, 369.598, 1.5708, 0, 24073, 1979, 0, 16843008, 0, 257, 375, 0, 0, 0, 0, 0, 0, 0, 14870, 0, 0, 0, 16);
REPLACE INTO `creature_spawns` VALUES (710974, 30739, 571, 4337.03, 3261.66, 373.525, 3.26377, 0, 24074, 1979, 0, 16843008, 0, 257, 375, 0, 0, 0, 0, 0, 0, 0, 14870, 0, 0, 0, 16);
REPLACE INTO `creature_spawns` VALUES (710973, 30739, 571, 4413.43, 2393.45, 376.36, 1.06465, 0, 24073, 1979, 0, 16777472, 0, 257, 375, 0, 0, 0, 0, 0, 0, 0, 14870, 0, 0, 0, 16);
REPLACE INTO `creature_spawns` VALUES (710972, 30739, 571, 4417.92, 2331.24, 370.919, 5.84685, 0, 24074, 1979, 0, 16777472, 0, 257, 375, 0, 0, 0, 0, 0, 0, 0, 14870, 0, 0, 0, 16);
REPLACE INTO `creature_spawns` VALUES (711048, 30739, 571, 4868.76, 2901.01, 374.885, 3.21141, 0, 24073, 1979, 0, 16777472, 0, 257, 375, 0, 0, 0, 0, 0, 0, 0, 14870, 0, 0, 0, 64);
REPLACE INTO `creature_spawns` VALUES (710971, 30739, 571, 4424.61, 3321.1, 369.801, 0.034907, 0, 24073, 1979, 0, 16843008, 0, 257, 375, 0, 0, 0, 0, 0, 0, 0, 14870, 0, 0, 0, 16);
REPLACE INTO `creature_spawns` VALUES (710970, 30739, 571, 4388.13, 2411.98, 374.743, 1.64061, 0, 24073, 1979, 0, 16777472, 0, 257, 375, 0, 0, 0, 0, 0, 0, 0, 14870, 0, 0, 0, 16);
REPLACE INTO `creature_spawns` VALUES (710969, 30739, 571, 4370.98, 3355.02, 371.197, 1.67552, 0, 24074, 1979, 0, 16777472, 0, 257, 375, 0, 0, 0, 0, 0, 0, 0, 14870, 0, 0, 0, 16);
REPLACE INTO `creature_spawns` VALUES (710968, 30739, 571, 4391.67, 2300.61, 374.743, 4.92183, 0, 24073, 1979, 0, 16777472, 0, 257, 375, 0, 0, 0, 0, 0, 0, 0, 14870, 0, 0, 0, 16);
REPLACE INTO `creature_spawns` VALUES (710967, 30739, 571, 4323.78, 3287.1, 378.895, 2.86234, 0, 24073, 1979, 0, 16777472, 0, 257, 375, 0, 0, 0, 0, 0, 0, 0, 14870, 0, 0, 0, 16);
REPLACE INTO `creature_spawns` VALUES (710966, 30739, 571, 4349.12, 2299.28, 374.743, 4.90438, 0, 24074, 1979, 0, 16843008, 0, 257, 375, 0, 0, 0, 0, 0, 0, 0, 14870, 0, 0, 0, 16);
REPLACE INTO `creature_spawns` VALUES (710965, 30739, 571, 4349.54, 2411.26, 374.743, 2.05949, 0, 24073, 1979, 0, 16777472, 0, 257, 375, 0, 0, 0, 0, 0, 0, 0, 14870, 0, 0, 0, 16);
REPLACE INTO `creature_spawns` VALUES (710964, 30739, 571, 4425.29, 3291.51, 370.774, 0.122173, 0, 24075, 1979, 0, 16843008, 0, 257, 375, 0, 0, 0, 0, 0, 0, 0, 14870, 0, 0, 0, 16);
REPLACE INTO `creature_spawns` VALUES (710963, 30739, 571, 4366.98, 3233.56, 371.585, 4.93928, 0, 24073, 1979, 0, 16777472, 0, 257, 375, 0, 0, 0, 0, 0, 0, 0, 14870, 0, 0, 0, 16);
REPLACE INTO `creature_spawns` VALUES (710962, 30739, 571, 4394.66, 3231.99, 369.722, 4.62512, 0, 24076, 1979, 0, 16843008, 0, 257, 375, 0, 0, 0, 0, 0, 0, 0, 14870, 0, 0, 0, 16);
REPLACE INTO `creature_spawns` VALUES (711202, 30739, 571, 4406.85, 2345.78, 374.983, 6.07674, 0, 24074, 1979, 0, 16777472, 0, 257, 375, 0, 0, 0, 0, 0, 0, 0, 14870, 0, 0, 0, 16);
REPLACE INTO `creature_spawns` VALUES (711155, 30739, 571, 4413.54, 2874.33, 401.453, 1.64706, 0, 24076, 1979, 0, 16843008, 0, 257, 375, 0, 0, 0, 0, 0, 0, 0, 14870, 0, 0, 0, 128);
REPLACE INTO `creature_spawns` VALUES (711156, 30739, 571, 4386.31, 2872.89, 401.292, 1.33605, 0, 24073, 1979, 0, 16777472, 0, 257, 375, 0, 0, 0, 0, 0, 0, 0, 14870, 0, 0, 0, 128);
REPLACE INTO `creature_spawns` VALUES (711157, 30739, 571, 4361.06, 2832.42, 407.528, 3.11227, 0, 24073, 1979, 0, 16777472, 0, 257, 375, 0, 0, 0, 0, 0, 0, 0, 14870, 0, 0, 0, 128);
REPLACE INTO `creature_spawns` VALUES (711158, 30739, 571, 4491.51, 1919.46, 434.678, 5.9416, 0, 24075, 1979, 0, 16843008, 0, 257, 375, 0, 0, 0, 0, 0, 0, 0, 14870, 0, 0, 0, 128);
REPLACE INTO `creature_spawns` VALUES (711159, 30739, 571, 4416.67, 1951.72, 434.614, 2.83064, 0, 24074, 1979, 0, 16777472, 0, 257, 375, 0, 0, 0, 0, 0, 0, 0, 14870, 0, 0, 0, 128);
REPLACE INTO `creature_spawns` VALUES (711160, 30739, 571, 4425.54, 1971.85, 434.482, 2.6178, 0, 24075, 1979, 0, 16843008, 0, 257, 375, 0, 0, 0, 0, 0, 0, 0, 14870, 0, 0, 0, 128);
REPLACE INTO `creature_spawns` VALUES (711161, 30739, 571, 4542.66, 3660.07, 397.635, 1.65508, 0, 24075, 1979, 0, 16843008, 0, 257, 375, 0, 0, 0, 0, 0, 0, 0, 14870, 0, 0, 0, 128);
REPLACE INTO `creature_spawns` VALUES (711162, 30739, 571, 4563.74, 3661.9, 397.857, 1.61581, 0, 24075, 1979, 0, 16843008, 0, 257, 375, 0, 0, 0, 0, 0, 0, 0, 14870, 0, 0, 0, 128);
REPLACE INTO `creature_spawns` VALUES (711163, 30739, 571, 4594.53, 3639.13, 397.714, 0.220944, 0, 24073, 1979, 0, 16777472, 0, 257, 375, 0, 0, 0, 0, 0, 0, 0, 14870, 0, 0, 0, 128);
REPLACE INTO `creature_spawns` VALUES (711164, 30739, 571, 4597.25, 3616.97, 397.507, 0.0685759, 0, 24075, 1979, 0, 16843008, 0, 257, 375, 0, 0, 0, 0, 0, 0, 0, 14870, 0, 0, 0, 128);
REPLACE INTO `creature_spawns` VALUES (711165, 30739, 571, 4582.12, 3577.7, 394.798, 4.66401, 0, 24076, 1979, 0, 16843008, 0, 257, 375, 0, 0, 0, 0, 0, 0, 0, 14870, 0, 0, 0, 128);
REPLACE INTO `creature_spawns` VALUES (711166, 30739, 571, 4543.52, 3579.03, 394.963, 4.69621, 0, 24073, 1979, 0, 16777472, 0, 257, 375, 0, 0, 0, 0, 0, 0, 0, 14870, 0, 0, 0, 128);
REPLACE INTO `creature_spawns` VALUES (711167, 30739, 571, 4508.04, 3598.51, 392.914, 3.59502, 0, 24075, 1979, 0, 16843008, 0, 257, 375, 0, 0, 0, 0, 0, 0, 0, 14870, 0, 0, 0, 128);
REPLACE INTO `creature_spawns` VALUES (711168, 30739, 571, 4494.27, 3627.87, 392.122, 3.83541, 0, 24076, 1979, 0, 16843008, 0, 257, 375, 0, 0, 0, 0, 0, 0, 0, 14870, 0, 0, 0, 128);
REPLACE INTO `creature_spawns` VALUES (711188, 30739, 571, 5001.62, 2687.29, 366.817, 4.80892, 0, 24073, 1979, 0, 16777472, 0, 257, 375, 0, 0, 0, 0, 0, 0, 0, 14870, 0, 0, 0, 64);
REPLACE INTO `creature_spawns` VALUES (711189, 30739, 571, 5019.49, 2689.74, 366.263, 4.84662, 0, 24075, 1979, 0, 16843008, 0, 257, 375, 0, 0, 0, 0, 0, 0, 0, 14870, 0, 0, 0, 64);
REPLACE INTO `creature_spawns` VALUES (711190, 30739, 571, 5051.69, 3082.14, 366.177, 4.53626, 0, 24075, 1979, 0, 16843008, 0, 257, 375, 0, 0, 0, 0, 0, 0, 0, 14870, 0, 0, 0, 64);
REPLACE INTO `creature_spawns` VALUES (711191, 30739, 571, 5035.07, 3083.7, 368.882, 4.68077, 0, 24076, 1979, 0, 16843008, 0, 257, 375, 0, 0, 0, 0, 0, 0, 0, 14870, 0, 0, 0, 64);
REPLACE INTO `creature_spawns` VALUES (711192, 30739, 571, 5051.69, 3082.14, 366.177, 4.53626, 0, 24075, 1979, 0, 16843008, 0, 257, 375, 0, 0, 0, 0, 0, 0, 0, 14870, 0, 0, 0, 128);
REPLACE INTO `creature_spawns` VALUES (711193, 30739, 571, 5035.07, 3083.7, 368.882, 4.68077, 0, 24076, 1979, 0, 16843008, 0, 257, 375, 0, 0, 0, 0, 0, 0, 0, 14870, 0, 0, 0, 128);
REPLACE INTO `creature_spawns` VALUES (711194, 30739, 571, 5001.62, 2687.29, 366.817, 4.80892, 0, 24073, 1979, 0, 16777472, 0, 257, 375, 0, 0, 0, 0, 0, 0, 0, 14870, 0, 0, 0, 128);
REPLACE INTO `creature_spawns` VALUES (711195, 30739, 571, 5019.49, 2689.74, 366.263, 4.84662, 0, 24075, 1979, 0, 16843008, 0, 257, 375, 0, 0, 0, 0, 0, 0, 0, 14870, 0, 0, 0, 128);
REPLACE INTO `creature_spawns` VALUES (711203, 30739, 571, 4372.3, 2821.93, 409.931, 5.04049, 2, 24076, 1979, 0, 16843008, 0, 257, 0, 0, 0, 0, 0, 0, 0, 0, 14870, 0, 0, 0, 128);
REPLACE INTO `creature_spawns` VALUES (711206, 30739, 571, 4554.51, 3650.41, 400.187, 3.58508, 2, 24076, 1979, 0, 16843008, 0, 257, 0, 0, 0, 0, 0, 0, 0, 0, 14870, 0, 0, 0, 128);
-- Waypoints Alliance
REPLACE INTO `creature_waypoints` VALUES (710927, 1, 4382.5, 3369, 366.939, 0, 0, 1, 0, 1, 0, 25949, 25949);
REPLACE INTO `creature_waypoints` VALUES (710927, 2, 4385.44, 3403.41, 359.458, 0, 0, 1, 0, 1, 0, 25949, 25949);
REPLACE INTO `creature_waypoints` VALUES (710927, 3, 4387.63, 3450, 359.024, 0, 0, 1, 0, 1, 0, 25949, 25949);
REPLACE INTO `creature_waypoints` VALUES (710927, 4, 4416.54, 3513.47, 358.995, 0, 0, 1, 0, 1, 0, 25949, 25949);
REPLACE INTO `creature_waypoints` VALUES (710927, 5, 4440.69, 3576.34, 368.516, 0, 0, 1, 0, 1, 0, 25949, 25949);
REPLACE INTO `creature_waypoints` VALUES (710927, 6, 4501.74, 3610.4, 390.677, 0, 0, 1, 0, 1, 0, 25949, 25949);
REPLACE INTO `creature_waypoints` VALUES (710913, 1, 4380.37, 3243.97, 371.598, 0, 0, 1, 0, 1, 0, 25951, 25951);
REPLACE INTO `creature_waypoints` VALUES (710913, 2, 4381.24, 3183.29, 360.034, 0, 0, 1, 0, 1, 0, 25951, 25951);
REPLACE INTO `creature_waypoints` VALUES (710913, 3, 4394.92, 3120.92, 358.637, 0, 0, 1, 0, 1, 0, 25951, 25951);
REPLACE INTO `creature_waypoints` VALUES (710913, 4, 4410.67, 3060.37, 358.54, 0, 0, 1, 0, 1, 0, 25951, 25951);
REPLACE INTO `creature_waypoints` VALUES (710913, 5, 4410.38, 2994.3, 364.858, 0, 0, 1, 0, 1, 0, 25951, 25951);
REPLACE INTO `creature_waypoints` VALUES (710913, 6, 4410.69, 2943.22, 377.304, 0, 0, 1, 0, 1, 0, 25951, 25951);
REPLACE INTO `creature_waypoints` VALUES (710913, 7, 4405.01, 2901.26, 391.286, 0, 0, 1, 0, 1, 0, 25951, 25951);
REPLACE INTO `creature_waypoints` VALUES (710913, 8, 4400.57, 2875.51, 400.136, 0, 0, 1, 0, 1, 0, 25951, 25951);
REPLACE INTO `creature_waypoints` VALUES (711205, 1, 4554.51, 3650.41, 400.187, 0, 0, 1, 0, 1, 0, 25948, 25948);
REPLACE INTO `creature_waypoints` VALUES (711205, 2, 4542.32, 3644.08, 400.187, 0, 0, 1, 0, 1, 0, 25948, 25948);
REPLACE INTO `creature_waypoints` VALUES (711205, 3, 4529.45, 3624.34, 400.187, 0, 0, 1, 0, 1, 0, 25948, 25948);
REPLACE INTO `creature_waypoints` VALUES (711205, 4, 4538.53, 3608.48, 400.187, 0, 0, 1, 0, 1, 0, 25948, 25948);
REPLACE INTO `creature_waypoints` VALUES (711205, 5, 4555.52, 3596.44, 400.187, 0, 0, 1, 0, 1, 0, 25948, 25948);
REPLACE INTO `creature_waypoints` VALUES (711205, 6, 4573.13, 3604.49, 400.187, 0, 0, 1, 0, 1, 0, 25948, 25948);
REPLACE INTO `creature_waypoints` VALUES (711205, 7, 4584.98, 3624.07, 400.187, 0, 0, 1, 0, 1, 0, 25948, 25948);
REPLACE INTO `creature_waypoints` VALUES (711205, 8, 4575.12, 3640.87, 400.187, 0, 0, 1, 0, 1, 0, 25948, 25948);
REPLACE INTO `creature_waypoints` VALUES (711205, 9, 4561.15, 3650.1, 400.187, 0, 0, 1, 0, 1, 0, 25948, 25948);
REPLACE INTO `creature_waypoints` VALUES (711204, 1, 4372.3, 2821.93, 409.931, 0, 0, 1, 0, 1, 0, 25949, 25949);
REPLACE INTO `creature_waypoints` VALUES (711204, 2, 4379.16, 2807.39, 409.932, 0, 0, 1, 0, 1, 0, 25949, 25949);
REPLACE INTO `creature_waypoints` VALUES (711204, 3, 4395.87, 2795.03, 409.932, 0, 0, 1, 0, 1, 0, 25949, 25949);
REPLACE INTO `creature_waypoints` VALUES (711204, 4, 4411.94, 2802.18, 409.932, 0, 0, 1, 0, 1, 0, 25949, 25949);
REPLACE INTO `creature_waypoints` VALUES (711204, 5, 4425.77, 2819.44, 409.931, 0, 0, 1, 0, 1, 0, 25949, 25949);
REPLACE INTO `creature_waypoints` VALUES (711204, 6, 4417.07, 2837.54, 409.931, 0, 0, 1, 0, 1, 0, 25949, 25949);
REPLACE INTO `creature_waypoints` VALUES (711204, 7, 4402.22, 2849.47, 409.931, 0, 0, 1, 0, 1, 0, 25949, 25949);
REPLACE INTO `creature_waypoints` VALUES (711204, 8, 4383.4, 2842.19, 409.931, 0, 0, 1, 0, 1, 0, 25949, 25949);
REPLACE INTO `creature_waypoints` VALUES (711204, 9, 4370.94, 2827.7, 409.931, 0, 0, 1, 0, 1, 0, 25949, 25949);
REPLACE INTO `creature_waypoints` VALUES (711201, 1, 4408.79, 2344.89, 374.627, 1, 0, 1, 0, 1, 0, 25950, 25950);
REPLACE INTO `creature_waypoints` VALUES (711201, 2, 4453.54, 2331.58, 367.408, 1, 0, 1, 0, 1, 0, 25950, 25950);
REPLACE INTO `creature_waypoints` VALUES (711201, 3, 4495.51, 2336.39, 366.769, 1, 0, 1, 0, 1, 0, 25950, 25950);
REPLACE INTO `creature_waypoints` VALUES (711201, 4, 4452.37, 2395.23, 358.271, 1, 0, 1, 0, 1, 0, 25950, 25950);
REPLACE INTO `creature_waypoints` VALUES (711201, 5, 4444.04, 2465.26, 358.265, 1, 0, 1, 0, 1, 0, 25950, 25950);
REPLACE INTO `creature_waypoints` VALUES (711201, 6, 4451.89, 2534.5, 358.287, 1, 0, 1, 0, 1, 0, 25950, 25950);
REPLACE INTO `creature_waypoints` VALUES (711201, 7, 4470.64, 2611.06, 358.17, 1, 0, 1, 0, 1, 0, 25950, 25950);
REPLACE INTO `creature_waypoints` VALUES (711201, 8, 4468.67, 2682.43, 371.768, 1, 0, 1, 0, 1, 0, 25950, 25950);
REPLACE INTO `creature_waypoints` VALUES (711201, 9, 4453.47, 2733.97, 387.416, 1, 0, 1, 0, 1, 0, 25950, 25950);
REPLACE INTO `creature_waypoints` VALUES (711201, 10, 4424, 2759.62, 398.129, 1, 0, 1, 0, 1, 0, 25950, 25950);
REPLACE INTO `creature_waypoints` VALUES (711201, 11, 4400.11, 2774.13, 402.972, 1, 0, 1, 0, 1, 0, 25950, 25950);
REPLACE INTO `creature_waypoints` VALUES (710925, 1, 4413.57, 2343.27, 373.606, 1, 0, 1, 0, 1, 0, 25948, 25948);
REPLACE INTO `creature_waypoints` VALUES (710925, 2, 4455.57, 2328.24, 367.239, 1, 0, 1, 0, 1, 0, 25948, 25948);
REPLACE INTO `creature_waypoints` VALUES (710925, 3, 4519.99, 2321.11, 368.993, 1, 0, 1, 0, 1, 0, 25948, 25948);
REPLACE INTO `creature_waypoints` VALUES (710925, 4, 4549.06, 2255.61, 358.449, 1, 0, 1, 0, 1, 0, 25948, 25948);
REPLACE INTO `creature_waypoints` VALUES (710925, 5, 4551.22, 2179.3, 367.649, 1, 0, 1, 0, 1, 0, 25948, 25948);
REPLACE INTO `creature_waypoints` VALUES (710925, 6, 4524.84, 2128.01, 382.69, 1, 0, 1, 0, 1, 0, 25948, 25948);
REPLACE INTO `creature_waypoints` VALUES (710925, 7, 4519.32, 2079.94, 398.154, 1, 0, 1, 0, 1, 0, 25948, 25948);
REPLACE INTO `creature_waypoints` VALUES (710925, 8, 4492.53, 2032.07, 420.054, 1, 0, 1, 0, 1, 0, 25948, 25948);
REPLACE INTO `creature_waypoints` VALUES (710925, 9, 4477.1, 1986.68, 433.138, 1, 0, 1, 0, 1, 0, 25948, 25948);
REPLACE INTO `creature_waypoints` VALUES (710924, 1, 4447.14, 1920.5, 439.296, 0, 0, 1, 0, 1, 0, 25949, 25949);
REPLACE INTO `creature_waypoints` VALUES (710924, 2, 4463.22, 1920.2, 439.296, 0, 0, 1, 0, 1, 0, 25949, 25949);
REPLACE INTO `creature_waypoints` VALUES (710924, 3, 4480.47, 1928.02, 439.296, 0, 0, 1, 0, 1, 0, 25949, 25949);
REPLACE INTO `creature_waypoints` VALUES (710924, 4, 4484.43, 1946.49, 439.296, 0, 0, 1, 0, 1, 0, 25949, 25949);
REPLACE INTO `creature_waypoints` VALUES (710924, 5, 4474.9, 1966.55, 439.296, 0, 0, 1, 0, 1, 0, 25949, 25949);
REPLACE INTO `creature_waypoints` VALUES (710924, 6, 4458.28, 1970.43, 439.296, 0, 0, 1, 0, 1, 0, 25949, 25949);
REPLACE INTO `creature_waypoints` VALUES (710924, 7, 4436.9, 1959.86, 439.295, 0, 0, 1, 0, 1, 0, 25949, 25949);
REPLACE INTO `creature_waypoints` VALUES (710924, 8, 4433.75, 1941.81, 439.296, 0, 0, 1, 0, 1, 0, 25949, 25949);
REPLACE INTO `creature_waypoints` VALUES (710924, 9, 4439.49, 1930.7, 439.296, 0, 0, 1, 0, 1, 0, 25949, 25949);
REPLACE INTO `creature_waypoints` VALUES (710937, 1, 5391.85, 3031.49, 409.19, 0, 0, 1, 0, 1, 0, 25951, 25951);
REPLACE INTO `creature_waypoints` VALUES (710937, 2, 5323.03, 3031.15, 409.179, 0, 0, 1, 0, 1, 0, 25951, 25951);
REPLACE INTO `creature_waypoints` VALUES (710937, 3, 5304.33, 3004.35, 409.134, 0, 0, 1, 0, 1, 0, 25951, 25951);
REPLACE INTO `creature_waypoints` VALUES (710937, 4, 5304.16, 2935.8, 409.19, 0, 0, 1, 0, 1, 0, 25951, 25951);
REPLACE INTO `creature_waypoints` VALUES (710932, 1, 5391.77, 2651.9, 409.126, 0, 0, 1, 0, 1, 0, 25951, 25951);
REPLACE INTO `creature_waypoints` VALUES (710932, 2, 5329.31, 2652.01, 409.098, 0, 0, 1, 0, 1, 0, 25951, 25951);
REPLACE INTO `creature_waypoints` VALUES (710932, 3, 5304.1, 2679.15, 409.188, 0, 0, 1, 0, 1, 0, 25951, 25951);
REPLACE INTO `creature_waypoints` VALUES (710932, 4, 5304.23, 2735.62, 409.189, 0, 0, 1, 0, 1, 0, 25951, 25951);
REPLACE INTO `creature_waypoints` VALUES (710920, 1, 4563.97, 3618.68, 426.539, 0, 0, 1, 0, 1, 0, 25950, 25950);
REPLACE INTO `creature_waypoints` VALUES (710920, 2, 4554.47, 3616.31, 426.539, 0, 0, 1, 0, 1, 0, 25950, 25950);
REPLACE INTO `creature_waypoints` VALUES (710920, 3, 4549.08, 3626.22, 426.539, 0, 0, 1, 0, 1, 0, 25950, 25950);
REPLACE INTO `creature_waypoints` VALUES (710920, 4, 4559.35, 3632.23, 426.539, 0, 0, 1, 0, 1, 0, 25950, 25950);
REPLACE INTO `creature_waypoints` VALUES (710920, 5, 4564.67, 3626.07, 426.539, 0, 0, 1, 0, 1, 0, 25950, 25950);
REPLACE INTO `creature_waypoints` VALUES (710926, 1, 4407.29, 2825.11, 436.283, 0, 0, 1, 0, 1, 0, 25948, 25948);
REPLACE INTO `creature_waypoints` VALUES (710926, 2, 4399.94, 2813.4, 436.283, 0, 0, 1, 0, 1, 0, 25948, 25948);
REPLACE INTO `creature_waypoints` VALUES (710926, 3, 4389.18, 2819.85, 436.283, 0, 0, 1, 0, 1, 0, 25948, 25948);
REPLACE INTO `creature_waypoints` VALUES (710926, 4, 4396.64, 2831.87, 436.283, 0, 0, 1, 0, 1, 0, 25948, 25948);
REPLACE INTO `creature_waypoints` VALUES (710922, 1, 4455.77, 1935.89, 465.647, 0, 0, 1, 0, 1, 0, 25948, 25948);
REPLACE INTO `creature_waypoints` VALUES (710922, 2, 4467.44, 1940.17, 465.647, 0, 0, 1, 0, 1, 0, 25948, 25948);
REPLACE INTO `creature_waypoints` VALUES (710922, 3, 4462.86, 1953.15, 465.647, 0, 0, 1, 0, 1, 0, 25948, 25948);
REPLACE INTO `creature_waypoints` VALUES (710922, 4, 4449.44, 1948.18, 465.647, 0, 0, 1, 0, 1, 0, 25948, 25948);
-- Waypoints Horde
REPLACE INTO `creature_waypoints` VALUES (710900, 1, 5391.77, 2651.9, 409.126, 1000, 0, 1, 0, 1, 0, 24073, 24073);
REPLACE INTO `creature_waypoints` VALUES (710900, 2, 5329.31, 2652.01, 409.098, 1000, 0, 1, 0, 1, 0, 24073, 24073);
REPLACE INTO `creature_waypoints` VALUES (710900, 3, 5304.1, 2679.15, 409.188, 1000, 0, 1, 0, 1, 0, 24073, 24073);
REPLACE INTO `creature_waypoints` VALUES (710900, 4, 5304.23, 2735.62, 409.189, 1000, 0, 1, 0, 1, 0, 24073, 24073);
REPLACE INTO `creature_waypoints` VALUES (710905, 1, 5391.85, 3031.49, 409.19, 0, 0, 1, 0, 1, 0, 24074, 24074);
REPLACE INTO `creature_waypoints` VALUES (710905, 2, 5323.03, 3031.15, 409.179, 0, 0, 1, 0, 1, 0, 24074, 24074);
REPLACE INTO `creature_waypoints` VALUES (710905, 3, 5304.33, 3004.35, 409.134, 0, 0, 1, 0, 1, 0, 24074, 24074);
REPLACE INTO `creature_waypoints` VALUES (710905, 4, 5304.16, 2935.8, 409.19, 0, 0, 1, 0, 1, 0, 24074, 24074);
REPLACE INTO `creature_waypoints` VALUES (710956, 1, 4447.14, 1920.5, 439.296, 0, 0, 1, 0, 1, 0, 24076, 24076);
REPLACE INTO `creature_waypoints` VALUES (710956, 2, 4463.22, 1920.2, 439.296, 0, 0, 1, 0, 1, 0, 24076, 24076);
REPLACE INTO `creature_waypoints` VALUES (710956, 3, 4480.47, 1928.02, 439.296, 0, 0, 1, 0, 1, 0, 24076, 24076);
REPLACE INTO `creature_waypoints` VALUES (710956, 4, 4484.43, 1946.49, 439.296, 0, 0, 1, 0, 1, 0, 24076, 24076);
REPLACE INTO `creature_waypoints` VALUES (710956, 5, 4474.9, 1966.55, 439.296, 0, 0, 1, 0, 1, 0, 24076, 24076);
REPLACE INTO `creature_waypoints` VALUES (710956, 6, 4458.28, 1970.43, 439.296, 0, 0, 1, 0, 1, 0, 24076, 24076);
REPLACE INTO `creature_waypoints` VALUES (710956, 7, 4436.9, 1959.86, 439.295, 0, 0, 1, 0, 1, 0, 24076, 24076);
REPLACE INTO `creature_waypoints` VALUES (710956, 8, 4433.75, 1941.81, 439.296, 0, 0, 1, 0, 1, 0, 24076, 24076);
REPLACE INTO `creature_waypoints` VALUES (710956, 9, 4439.49, 1930.7, 439.296, 0, 0, 1, 0, 1, 0, 24076, 24076);
REPLACE INTO `creature_waypoints` VALUES (711202, 1, 4408.79, 2344.89, 374.627, 1, 0, 1, 0, 1, 0, 24074, 24074);
REPLACE INTO `creature_waypoints` VALUES (711202, 2, 4453.54, 2331.58, 367.408, 1, 0, 1, 0, 1, 0, 24074, 24074);
REPLACE INTO `creature_waypoints` VALUES (711202, 3, 4495.51, 2336.39, 366.769, 1, 0, 1, 0, 1, 0, 24074, 24074);
REPLACE INTO `creature_waypoints` VALUES (711202, 4, 4452.37, 2395.23, 358.271, 1, 0, 1, 0, 1, 0, 24074, 24074);
REPLACE INTO `creature_waypoints` VALUES (711202, 5, 4444.04, 2465.26, 358.265, 1, 0, 1, 0, 1, 0, 24074, 24074);
REPLACE INTO `creature_waypoints` VALUES (711202, 6, 4451.89, 2534.5, 358.287, 1, 0, 1, 0, 1, 0, 24074, 24074);
REPLACE INTO `creature_waypoints` VALUES (711202, 7, 4470.64, 2611.06, 358.17, 1, 0, 1, 0, 1, 0, 24074, 24074);
REPLACE INTO `creature_waypoints` VALUES (711202, 8, 4468.67, 2682.43, 371.768, 1, 0, 1, 0, 1, 0, 24074, 24074);
REPLACE INTO `creature_waypoints` VALUES (711202, 9, 4453.47, 2733.97, 387.416, 1, 0, 1, 0, 1, 0, 24074, 24074);
REPLACE INTO `creature_waypoints` VALUES (711202, 10, 4424, 2759.62, 398.129, 1, 0, 1, 0, 1, 0, 24074, 24074);
REPLACE INTO `creature_waypoints` VALUES (711202, 11, 4400.11, 2774.13, 402.972, 1, 0, 1, 0, 1, 0, 24074, 24074);
REPLACE INTO `creature_waypoints` VALUES (710957, 1, 4413.57, 2343.27, 373.606, 1, 0, 1, 0, 1, 0, 24073, 24073);
REPLACE INTO `creature_waypoints` VALUES (710957, 2, 4455.57, 2328.24, 367.239, 1, 0, 1, 0, 1, 0, 24073, 24073);
REPLACE INTO `creature_waypoints` VALUES (710957, 3, 4519.99, 2321.11, 368.993, 1, 0, 1, 0, 1, 0, 24073, 24073);
REPLACE INTO `creature_waypoints` VALUES (710957, 4, 4549.06, 2255.61, 358.449, 1, 0, 1, 0, 1, 0, 24073, 24073);
REPLACE INTO `creature_waypoints` VALUES (710957, 5, 4551.22, 2179.3, 367.649, 1, 0, 1, 0, 1, 0, 24073, 24073);
REPLACE INTO `creature_waypoints` VALUES (710957, 6, 4524.84, 2128.01, 382.69, 1, 0, 1, 0, 1, 0, 24073, 24073);
REPLACE INTO `creature_waypoints` VALUES (710957, 7, 4519.32, 2079.94, 398.154, 1, 0, 1, 0, 1, 0, 24073, 24073);
REPLACE INTO `creature_waypoints` VALUES (710957, 8, 4492.53, 2032.07, 420.054, 1, 0, 1, 0, 1, 0, 24073, 24073);
REPLACE INTO `creature_waypoints` VALUES (710957, 9, 4477.1, 1986.68, 433.138, 1, 0, 1, 0, 1, 0, 24073, 24073);
REPLACE INTO `creature_waypoints` VALUES (711203, 1, 4372.3, 2821.93, 409.931, 0, 0, 1, 0, 1, 0, 24076, 24076);
REPLACE INTO `creature_waypoints` VALUES (711203, 2, 4379.16, 2807.39, 409.932, 0, 0, 1, 0, 1, 0, 24076, 24076);
REPLACE INTO `creature_waypoints` VALUES (711203, 3, 4395.87, 2795.03, 409.932, 0, 0, 1, 0, 1, 0, 24076, 24076);
REPLACE INTO `creature_waypoints` VALUES (711203, 4, 4411.94, 2802.18, 409.932, 0, 0, 1, 0, 1, 0, 24076, 24076);
REPLACE INTO `creature_waypoints` VALUES (711203, 5, 4425.77, 2819.44, 409.931, 0, 0, 1, 0, 1, 0, 24076, 24076);
REPLACE INTO `creature_waypoints` VALUES (711203, 6, 4417.07, 2837.54, 409.931, 0, 0, 1, 0, 1, 0, 24076, 24076);
REPLACE INTO `creature_waypoints` VALUES (711203, 7, 4402.22, 2849.47, 409.931, 0, 0, 1, 0, 1, 0, 24076, 24076);
REPLACE INTO `creature_waypoints` VALUES (711203, 8, 4383.4, 2842.19, 409.931, 0, 0, 1, 0, 1, 0, 24076, 24076);
REPLACE INTO `creature_waypoints` VALUES (711203, 9, 4370.94, 2827.7, 409.931, 0, 0, 1, 0, 1, 0, 24076, 24076);
REPLACE INTO `creature_waypoints` VALUES (710945, 1, 4380.37, 3243.97, 371.598, 0, 0, 1, 0, 1, 0, 24075, 24075);
REPLACE INTO `creature_waypoints` VALUES (710945, 2, 4381.24, 3183.29, 360.034, 0, 0, 1, 0, 1, 0, 24075, 24075);
REPLACE INTO `creature_waypoints` VALUES (710945, 3, 4394.92, 3120.92, 358.637, 0, 0, 1, 0, 1, 0, 24075, 24075);
REPLACE INTO `creature_waypoints` VALUES (710945, 4, 4410.67, 3060.37, 358.54, 0, 0, 1, 0, 1, 0, 24075, 24075);
REPLACE INTO `creature_waypoints` VALUES (710945, 5, 4410.38, 2994.3, 364.858, 0, 0, 1, 0, 1, 0, 24075, 24075);
REPLACE INTO `creature_waypoints` VALUES (710945, 6, 4410.69, 2943.22, 377.304, 0, 0, 1, 0, 1, 0, 24075, 24075);
REPLACE INTO `creature_waypoints` VALUES (710945, 7, 4405.01, 2901.26, 391.286, 0, 0, 1, 0, 1, 0, 24075, 24075);
REPLACE INTO `creature_waypoints` VALUES (710945, 8, 4400.57, 2875.51, 400.136, 0, 0, 1, 0, 1, 0, 24075, 24075);
REPLACE INTO `creature_waypoints` VALUES (710959, 1, 4382.5, 3369, 366.939, 0, 0, 1, 0, 1, 0, 24073, 24073);
REPLACE INTO `creature_waypoints` VALUES (710959, 2, 4385.44, 3403.41, 359.458, 0, 0, 1, 0, 1, 0, 24073, 24073);
REPLACE INTO `creature_waypoints` VALUES (710959, 3, 4387.63, 3450, 359.024, 0, 0, 1, 0, 1, 0, 24073, 24073);
REPLACE INTO `creature_waypoints` VALUES (710959, 4, 4416.54, 3513.47, 358.995, 0, 0, 1, 0, 1, 0, 24073, 24073);
REPLACE INTO `creature_waypoints` VALUES (710959, 5, 4440.69, 3576.34, 368.516, 0, 0, 1, 0, 1, 0, 24073, 24073);
REPLACE INTO `creature_waypoints` VALUES (710959, 6, 4501.74, 3610.4, 390.677, 0, 0, 1, 0, 1, 0, 24073, 24073);
REPLACE INTO `creature_waypoints` VALUES (711206, 1, 4554.51, 3650.41, 400.187, 0, 0, 1, 0, 1, 0, 24076, 24076);
REPLACE INTO `creature_waypoints` VALUES (711206, 2, 4542.32, 3644.08, 400.187, 0, 0, 1, 0, 1, 0, 24076, 24076);
REPLACE INTO `creature_waypoints` VALUES (711206, 3, 4529.45, 3624.34, 400.187, 0, 0, 1, 0, 1, 0, 24076, 24076);
REPLACE INTO `creature_waypoints` VALUES (711206, 4, 4538.53, 3608.48, 400.187, 0, 0, 1, 0, 1, 0, 24076, 24076);
REPLACE INTO `creature_waypoints` VALUES (711206, 5, 4555.52, 3596.44, 400.187, 0, 0, 1, 0, 1, 0, 24076, 24076);
REPLACE INTO `creature_waypoints` VALUES (711206, 6, 4573.13, 3604.49, 400.187, 0, 0, 1, 0, 1, 0, 24076, 24076);
REPLACE INTO `creature_waypoints` VALUES (711206, 7, 4584.98, 3624.07, 400.187, 0, 0, 1, 0, 1, 0, 24076, 24076);
REPLACE INTO `creature_waypoints` VALUES (711206, 8, 4575.12, 3640.87, 400.187, 0, 0, 1, 0, 1, 0, 24076, 24076);
REPLACE INTO `creature_waypoints` VALUES (711206, 9, 4561.15, 3650.1, 400.187, 0, 0, 1, 0, 1, 0, 24076, 24076);
REPLACE INTO `creature_waypoints` VALUES (710952, 1, 4563.97, 3618.68, 426.539, 0, 0, 1, 0, 1, 0, 24076, 24076);
REPLACE INTO `creature_waypoints` VALUES (710952, 2, 4554.47, 3616.31, 426.539, 0, 0, 1, 0, 1, 0, 24076, 24076);
REPLACE INTO `creature_waypoints` VALUES (710952, 3, 4549.08, 3626.22, 426.539, 0, 0, 1, 0, 1, 0, 24076, 24076);
REPLACE INTO `creature_waypoints` VALUES (710952, 4, 4559.35, 3632.23, 426.539, 0, 0, 1, 0, 1, 0, 24076, 24076);
REPLACE INTO `creature_waypoints` VALUES (710952, 5, 4564.67, 3626.07, 426.539, 0, 0, 1, 0, 1, 0, 24076, 24076);
REPLACE INTO `creature_waypoints` VALUES (710958, 1, 4407.29, 2825.11, 436.283, 0, 0, 1, 0, 1, 0, 24073, 24073);
REPLACE INTO `creature_waypoints` VALUES (710958, 2, 4399.94, 2813.4, 436.283, 0, 0, 1, 0, 1, 0, 24073, 24073);
REPLACE INTO `creature_waypoints` VALUES (710958, 3, 4389.18, 2819.85, 436.283, 0, 0, 1, 0, 1, 0, 24073, 24073);
REPLACE INTO `creature_waypoints` VALUES (710958, 4, 4396.64, 2831.87, 436.283, 0, 0, 1, 0, 1, 0, 24073, 24073);
REPLACE INTO `creature_waypoints` VALUES (710954, 1, 4455.77, 1935.89, 465.647, 0, 0, 1, 0, 1, 0, 24073, 24073);
REPLACE INTO `creature_waypoints` VALUES (710954, 2, 4467.44, 1940.17, 465.647, 0, 0, 1, 0, 1, 0, 24073, 24073);
REPLACE INTO `creature_waypoints` VALUES (710954, 3, 4462.86, 1953.15, 465.647, 0, 0, 1, 0, 1, 0, 24073, 24073);
REPLACE INTO `creature_waypoints` VALUES (710954, 4, 4449.44, 1948.18, 465.647, 0, 0, 1, 0, 1, 0, 24073, 24073);
-- Vehicles
REPLACE INTO `creature_proto` VALUES (27881, 80, 80, 35, 35000, 35000, 0, 1, 16777216, 2000, 0, 422, 586, 0, 0, 0, 0, 300000, 7, 0, 0, 0, 0, 0, 0, 3, 5, '', 0, 2500, 0, 2.5, 8, 14, 0, 50025, 50990, 0, 0, 0, 0, 0, 0, 0, 0, 0, 0, 0, 0, 79, 0);
REPLACE INTO `creature_proto` VALUES (28094, 80, 80, 35, 55000, 55000, 0, 1, 16777216, 2000, 0, 422, 586, 0, 0, 0, 0, 300000, 7, 0, 0, 0, 0, 0, 0, 3, 3, '', 0, 2500, 0, 2.5, 8, 14, 0, 50896, 50652, 0, 0, 0, 0, 0, 0, 0, 0, 0, 0, 0, 0, 106, 0);
REPLACE INTO `creature_proto` VALUES (28312, 80, 80, 35, 85000, 85000, 0, 1, 16777216, 2000, 0, 422, 586, 0, 0, 0, 0, 300000, 7, 0, 0, 0, 0, 0, 0, 3, 0, '', 0, 2500, 0, 2.5, 8, 14, 0, 51678, 0, 0, 0, 0, 0, 0, 0, 0, 0, 0, 0, 0, 0, 117, 0);
REPLACE INTO `creature_proto` VALUES (28319, 80, 80, 35, 85000, 85000, 0, 1, 16777216, 2000, 0, 422, 586, 0, 0, 0, 0, 300000, 7, 0, 0, 0, 0, 0, 0, 3, 0, '', 0, 2500, 0, 2.5, 8, 14, 0, 51362, 0, 0, 0, 0, 0, 0, 0, 0, 0, 0, 0, 0, 0, 116, 0);
